job_id,voyage,machine_id,op_seq,baseline_A_lj,baseline_S_lj,baseline_C_lj,baseline_p_lj,baseline_TSail_lj,baseline_tidal_wait,baseline_congestion_wait,optimized_A_lj,optimized_S_lj,optimized_C_lj,optimized_p_lj,optimized_tidal_wait,optimized_congestion_wait,delta_start_hours,delta_completion_hours,delta_tidal_wait_hours,delta_congestion_wait_hours
0,2,22,0,435.0,435.0,454.0,19.0,29.0,0.0,0.0,435.0,435.0,454.0,19.0,0.0,0.0,0.0,0.0,0.0,0.0
0,2,4,1,483.0,483.0,487.0,4.0,30.0,0.0,0.0,483.0,483.0,487.0,4.0,0.0,0.0,0.0,0.0,0.0,0.0
0,2,15,2,517.0,517.0,521.0,4.0,16.0,0.0,0.0,517.0,517.0,521.0,4.0,0.0,0.0,0.0,0.0,0.0,0.0
0,2,36,3,537.0,537.0,539.0,2.0,26.0,0.0,0.0,537.0,537.0,539.0,2.0,0.0,0.0,0.0,0.0,0.0,0.0
0,2,37,4,565.0,565.0,568.0,3.0,22.0,0.0,0.0,565.0,565.0,568.0,3.0,0.0,0.0,0.0,0.0,0.0,0.0
0,2,38,5,590.0,590.0,592.0,2.0,24.0,0.0,0.0,590.0,590.0,592.0,2.0,0.0,0.0,0.0,0.0,0.0,0.0
0,2,39,6,616.0,616.0,618.0,2.0,20.0,0.0,0.0,616.0,616.0,618.0,2.0,0.0,0.0,0.0,0.0,0.0,0.0
0,2,40,7,638.0,638.0,643.0,5.0,22.0,0.0,0.0,638.0,638.0,643.0,5.0,0.0,0.0,0.0,0.0,0.0,0.0
0,2,39,8,665.0,665.0,667.0,2.0,23.0,0.0,0.0,665.0,665.0,667.0,2.0,0.0,0.0,0.0,0.0,0.0,0.0
0,2,38,9,690.0,690.0,693.0,3.0,23.0,0.0,0.0,690.0,690.0,693.0,3.0,0.0,0.0,0.0,0.0,0.0,0.0
0,2,37,10,716.0,716.0,719.0,3.0,27.0,0.0,0.0,716.0,716.0,719.0,3.0,0.0,0.0,0.0,0.0,0.0,0.0
0,2,36,11,746.0,746.0,748.0,2.0,17.0,0.0,0.0,746.0,746.0,748.0,2.0,0.0,0.0,0.0,0.0,0.0,0.0
0,2,15,12,765.0,765.0,768.0,3.0,30.0,0.0,0.0,765.0,765.0,768.0,3.0,0.0,0.0,0.0,0.0,0.0,0.0
0,2,4,13,798.0,798.0,800.0,2.0,28.0,0.0,0.0,798.0,798.0,800.0,2.0,0.0,0.0,0.0,0.0,0.0,0.0
0,3,22,0,828.0,828.0,862.0,34.0,27.0,0.0,0.0,828.0,828.0,862.0,34.0,0.0,0.0,0.0,0.0,0.0,0.0
0,3,4,1,889.0,890.0,894.0,4.0,29.0,0.0,1.0,889.0,889.0,893.0,4.0,0.0,0.0,-1.0,-1.0,0.0,-1.0
0,3,15,2,923.0,923.0,927.0,4.0,17.0,0.0,0.0,922.0,922.0,926.0,4.0,0.0,0.0,-1.0,-1.0,0.0,0.0
0,3,36,3,944.0,944.0,946.0,2.0,25.0,0.0,0.0,943.0,943.0,945.0,2.0,0.0,0.0,-1.0,-1.0,0.0,0.0
0,3,37,4,971.0,973.0,976.0,3.0,22.0,0.0,2.0,970.0,970.0,973.0,3.0,0.0,0.0,-3.0,-3.0,0.0,-2.0
0,3,38,5,998.0,998.0,1001.0,3.0,24.0,0.0,0.0,995.0,995.0,998.0,3.0,0.0,0.0,-3.0,-3.0,0.0,0.0
0,3,39,6,1025.0,1025.0,1027.0,2.0,19.0,0.0,0.0,1022.0,1022.0,1024.0,2.0,0.0,0.0,-3.0,-3.0,0.0,0.0
0,3,40,7,1046.0,1046.0,1052.0,6.0,22.0,0.0,0.0,1043.0,1043.0,1049.0,6.0,0.0,0.0,-3.0,-3.0,0.0,0.0
0,3,39,8,1074.0,1074.0,1076.0,2.0,23.0,0.0,0.0,1071.0,1071.0,1073.0,2.0,0.0,0.0,-3.0,-3.0,0.0,0.0
0,3,38,9,1099.0,1099.0,1102.0,3.0,22.0,0.0,0.0,1096.0,1096.0,1099.0,3.0,0.0,0.0,-3.0,-3.0,0.0,0.0
0,3,37,10,1124.0,1124.0,1127.0,3.0,25.0,0.0,0.0,1121.0,1121.0,1124.0,3.0,0.0,0.0,-3.0,-3.0,0.0,0.0
0,3,36,11,1152.0,1152.0,1154.0,2.0,16.0,0.0,0.0,1149.0,1149.0,1151.0,2.0,0.0,0.0,-3.0,-3.0,0.0,0.0
0,3,15,12,1170.0,1170.0,1173.0,3.0,29.0,0.0,0.0,1167.0,1167.0,1170.0,3.0,0.0,0.0,-3.0,-3.0,0.0,0.0
0,3,4,13,1202.0,1202.0,1204.0,2.0,27.0,0.0,0.0,1199.0,1199.0,1201.0,2.0,0.0,0.0,-3.0,-3.0,0.0,0.0
0,4,22,0,1228.0,1228.0,1243.0,15.0,27.0,0.0,0.0,1228.0,1228.0,1243.0,15.0,0.0,0.0,0.0,0.0,0.0,0.0
0,4,4,1,1270.0,1270.0,1274.0,4.0,30.0,0.0,0.0,1270.0,1270.0,1274.0,4.0,0.0,0.0,0.0,0.0,0.0,0.0
0,4,15,2,1304.0,1304.0,1308.0,4.0,16.0,0.0,0.0,1304.0,1304.0,1308.0,4.0,0.0,0.0,0.0,0.0,0.0,0.0
0,4,36,3,1324.0,1324.0,1326.0,2.0,26.0,0.0,0.0,1324.0,1324.0,1326.0,2.0,0.0,0.0,0.0,0.0,0.0,0.0
0,4,37,4,1352.0,1352.0,1355.0,3.0,22.0,0.0,0.0,1352.0,1352.0,1355.0,3.0,0.0,0.0,0.0,0.0,0.0,0.0
0,4,38,5,1377.0,1377.0,1380.0,3.0,23.0,0.0,0.0,1377.0,1377.0,1380.0,3.0,0.0,0.0,0.0,0.0,0.0,0.0
0,4,37,6,1403.0,1403.0,1406.0,3.0,27.0,0.0,0.0,1403.0,1403.0,1406.0,3.0,0.0,0.0,0.0,0.0,0.0,0.0
0,4,36,7,1433.0,1433.0,1435.0,2.0,17.0,0.0,0.0,1433.0,1433.0,1435.0,2.0,0.0,0.0,0.0,0.0,0.0,0.0
0,4,15,8,1452.0,1452.0,1455.0,3.0,31.0,0.0,0.0,1452.0,1452.0,1455.0,3.0,0.0,0.0,0.0,0.0,0.0,0.0
0,4,4,9,1486.0,1486.0,1488.0,2.0,27.0,0.0,0.0,1486.0,1486.0,1488.0,2.0,0.0,0.0,0.0,0.0,0.0,0.0
0,5,22,0,1515.0,1515.0,1523.0,8.0,25.0,0.0,0.0,1515.0,1515.0,1523.0,8.0,0.0,0.0,0.0,0.0,0.0,0.0
0,5,4,1,1548.0,1548.0,1551.0,3.0,29.0,0.0,0.0,1548.0,1548.0,1551.0,3.0,0.0,0.0,0.0,0.0,0.0,0.0
0,5,15,2,1580.0,1580.0,1583.0,3.0,16.0,0.0,0.0,1580.0,1580.0,1583.0,3.0,0.0,0.0,0.0,0.0,0.0,0.0
0,5,36,3,1599.0,1599.0,1601.0,2.0,42.0,0.0,0.0,1599.0,1599.0,1601.0,2.0,0.0,0.0,0.0,0.0,0.0,0.0
0,5,38,4,1643.0,1643.0,1646.0,3.0,13.0,0.0,0.0,1643.0,1643.0,1646.0,3.0,0.0,0.0,0.0,0.0,0.0,0.0
0,5,41,5,1659.0,1659.0,1661.0,2.0,9.0,0.0,0.0,1659.0,1659.0,1661.0,2.0,0.0,0.0,0.0,0.0,0.0,0.0
0,5,42,6,1670.0,1670.0,1672.0,2.0,20.0,0.0,0.0,1670.0,1670.0,1672.0,2.0,0.0,0.0,0.0,0.0,0.0,0.0
0,5,40,7,1692.0,1692.0,1697.0,5.0,21.0,0.0,0.0,1692.0,1692.0,1697.0,5.0,0.0,0.0,0.0,0.0,0.0,0.0
0,5,39,8,1718.0,1718.0,1720.0,2.0,8.0,0.0,0.0,1718.0,1718.0,1720.0,2.0,0.0,0.0,0.0,0.0,0.0,0.0
0,5,42,9,1728.0,1728.0,1730.0,2.0,9.0,0.0,0.0,1728.0,1728.0,1730.0,2.0,0.0,0.0,0.0,0.0,0.0,0.0
0,5,41,10,1739.0,1739.0,1741.0,2.0,13.0,0.0,0.0,1739.0,1739.0,1741.0,2.0,0.0,0.0,0.0,0.0,0.0,0.0
0,5,38,11,1754.0,1754.0,1756.0,2.0,20.0,0.0,0.0,1754.0,1754.0,1756.0,2.0,0.0,0.0,0.0,0.0,0.0,0.0
0,5,37,12,1776.0,1776.0,1778.0,2.0,6.0,0.0,0.0,1776.0,1776.0,1778.0,2.0,0.0,0.0,0.0,0.0,0.0,0.0
0,5,43,13,1784.0,1784.0,1786.0,2.0,22.0,0.0,0.0,1784.0,1784.0,1786.0,2.0,0.0,0.0,0.0,0.0,0.0,0.0
0,5,36,14,1808.0,1808.0,1810.0,2.0,17.0,0.0,0.0,1808.0,1808.0,1810.0,2.0,0.0,0.0,0.0,0.0,0.0,0.0
0,5,15,15,1827.0,1827.0,1830.0,3.0,28.0,0.0,0.0,1827.0,1827.0,1830.0,3.0,0.0,0.0,0.0,0.0,0.0,0.0
0,5,4,16,1858.0,1858.0,1861.0,3.0,26.0,0.0,0.0,1858.0,1858.0,1861.0,3.0,0.0,0.0,0.0,0.0,0.0,0.0
0,6,22,0,1887.0,1887.0,1923.0,36.0,28.0,0.0,0.0,1887.0,1887.0,1923.0,36.0,0.0,0.0,0.0,0.0,0.0,0.0
0,6,4,1,1951.0,1951.0,1955.0,4.0,30.0,0.0,0.0,1951.0,1951.0,1955.0,4.0,0.0,0.0,0.0,0.0,0.0,0.0
0,6,15,2,1985.0,1985.0,1988.0,3.0,16.0,0.0,0.0,1985.0,1985.0,1988.0,3.0,0.0,0.0,0.0,0.0,0.0,0.0
0,6,36,3,2004.0,2004.0,2006.0,2.0,26.0,0.0,0.0,2004.0,2004.0,2006.0,2.0,0.0,0.0,0.0,0.0,0.0,0.0
0,6,43,4,2032.0,2032.0,2034.0,2.0,5.0,0.0,0.0,2032.0,2032.0,2034.0,2.0,0.0,0.0,0.0,0.0,0.0,0.0
0,6,37,5,2039.0,2039.0,2043.0,4.0,22.0,0.0,0.0,2039.0,2039.0,2043.0,4.0,0.0,0.0,0.0,0.0,0.0,0.0
0,6,38,6,2065.0,2065.0,2068.0,3.0,15.0,0.0,0.0,2065.0,2065.0,2068.0,3.0,0.0,0.0,0.0,0.0,0.0,0.0
0,6,41,7,2083.0,2083.0,2085.0,2.0,9.0,0.0,0.0,2083.0,2083.0,2085.0,2.0,0.0,0.0,0.0,0.0,0.0,0.0
0,6,42,8,2094.0,2094.0,2096.0,2.0,8.0,0.0,0.0,2094.0,2094.0,2096.0,2.0,0.0,0.0,0.0,0.0,0.0,0.0
0,6,39,9,2104.0,2104.0,2106.0,2.0,20.0,0.0,0.0,2104.0,2104.0,2106.0,2.0,0.0,0.0,0.0,0.0,0.0,0.0
0,6,40,10,2126.0,2126.0,2135.0,9.0,21.0,0.0,0.0,2126.0,2126.0,2135.0,9.0,0.0,0.0,0.0,0.0,0.0,0.0
0,6,39,11,2156.0,2156.0,2158.0,2.0,8.0,0.0,0.0,2156.0,2156.0,2158.0,2.0,0.0,0.0,0.0,0.0,0.0,0.0
0,6,42,12,2166.0,2166.0,2168.0,2.0,9.0,0.0,0.0,2166.0,2166.0,2168.0,2.0,0.0,0.0,0.0,0.0,0.0,0.0
0,6,41,13,2177.0,2177.0,2179.0,2.0,14.0,0.0,0.0,2177.0,2177.0,2179.0,2.0,0.0,0.0,0.0,0.0,0.0,0.0
0,6,38,14,2193.0,2193.0,2196.0,3.0,21.0,0.0,0.0,2193.0,2193.0,2196.0,3.0,0.0,0.0,0.0,0.0,0.0,0.0
0,6,37,15,2217.0,2217.0,2221.0,4.0,27.0,0.0,0.0,2217.0,2217.0,2221.0,4.0,0.0,0.0,0.0,0.0,0.0,0.0
0,6,36,16,2248.0,2248.0,2250.0,2.0,16.0,0.0,0.0,2248.0,2248.0,2250.0,2.0,0.0,0.0,0.0,0.0,0.0,0.0
0,6,15,17,2266.0,2266.0,2269.0,3.0,28.0,0.0,0.0,2266.0,2266.0,2269.0,3.0,0.0,0.0,0.0,0.0,0.0,0.0
0,6,4,18,2297.0,2297.0,2299.0,2.0,28.0,0.0,0.0,2297.0,2297.0,2299.0,2.0,0.0,0.0,0.0,0.0,0.0,0.0
0,7,22,0,2327.0,2327.0,2342.0,15.0,26.0,0.0,0.0,2327.0,2327.0,2342.0,15.0,0.0,0.0,0.0,0.0,0.0,0.0
1,1,22,0,158.0,158.0,178.0,20.0,27.0,0.0,0.0,158.0,189.0,209.0,20.0,0.0,31.0,31.0,31.0,0.0,31.0
1,1,4,1,205.0,205.0,209.0,4.0,28.0,0.0,0.0,236.0,236.0,240.0,4.0,0.0,0.0,31.0,31.0,0.0,0.0
1,1,15,2,237.0,237.0,240.0,3.0,16.0,0.0,0.0,268.0,268.0,271.0,3.0,0.0,0.0,31.0,31.0,0.0,0.0
1,1,36,3,256.0,256.0,258.0,2.0,42.0,0.0,0.0,287.0,287.0,289.0,2.0,0.0,0.0,31.0,31.0,0.0,0.0
1,1,38,4,300.0,300.0,303.0,3.0,16.0,0.0,0.0,331.0,331.0,334.0,3.0,0.0,0.0,31.0,31.0,0.0,0.0
1,1,41,5,319.0,319.0,322.0,3.0,16.0,0.0,0.0,350.0,350.0,353.0,3.0,0.0,0.0,31.0,31.0,0.0,0.0
1,1,38,6,338.0,338.0,341.0,3.0,41.0,0.0,0.0,369.0,369.0,372.0,3.0,0.0,0.0,31.0,31.0,0.0,0.0
1,1,36,7,382.0,382.0,384.0,2.0,16.0,0.0,0.0,413.0,413.0,415.0,2.0,0.0,0.0,31.0,31.0,0.0,0.0
1,1,15,8,400.0,400.0,403.0,3.0,31.0,0.0,0.0,431.0,431.0,434.0,3.0,0.0,0.0,31.0,31.0,0.0,0.0
1,1,4,9,434.0,434.0,436.0,2.0,32.0,0.0,0.0,465.0,465.0,467.0,2.0,0.0,0.0,31.0,31.0,0.0,0.0
1,2,21,0,468.0,468.0,1224.0,756.0,27.0,0.0,0.0,468.0,468.0,1224.0,756.0,0.0,0.0,0.0,0.0,0.0,0.0
1,2,4,1,1251.0,1251.0,1255.0,4.0,30.0,0.0,0.0,1251.0,1251.0,1255.0,4.0,0.0,0.0,0.0,0.0,0.0,0.0
1,2,15,2,1285.0,1286.0,1290.0,4.0,16.0,0.0,1.0,1285.0,1285.0,1289.0,4.0,0.0,0.0,-1.0,-1.0,0.0,-1.0
1,2,36,3,1306.0,1306.0,1309.0,3.0,42.0,0.0,0.0,1305.0,1305.0,1308.0,3.0,0.0,0.0,-1.0,-1.0,0.0,0.0
1,2,38,4,1351.0,1351.0,1355.0,4.0,16.0,0.0,0.0,1350.0,1350.0,1354.0,4.0,0.0,0.0,-1.0,-1.0,0.0,0.0
1,2,41,5,1371.0,1371.0,1374.0,3.0,10.0,0.0,0.0,1370.0,1370.0,1373.0,3.0,0.0,0.0,-1.0,-1.0,0.0,0.0
1,2,42,6,1384.0,1384.0,1387.0,3.0,22.0,0.0,0.0,1383.0,1383.0,1386.0,3.0,0.0,0.0,-1.0,-1.0,0.0,0.0
1,2,40,7,1409.0,1409.0,1415.0,6.0,22.0,0.0,0.0,1408.0,1408.0,1414.0,6.0,0.0,0.0,-1.0,-1.0,0.0,0.0
1,2,42,8,1437.0,1437.0,1440.0,3.0,11.0,0.0,0.0,1436.0,1436.0,1439.0,3.0,0.0,0.0,-1.0,-1.0,0.0,0.0
1,2,41,9,1451.0,1451.0,1454.0,3.0,16.0,0.0,0.0,1450.0,1450.0,1453.0,3.0,0.0,0.0,-1.0,-1.0,0.0,0.0
1,2,38,10,1470.0,1470.0,1474.0,4.0,44.0,0.0,0.0,1469.0,1469.0,1473.0,4.0,0.0,0.0,-1.0,-1.0,0.0,0.0
1,2,36,11,1518.0,1518.0,1521.0,3.0,17.0,0.0,0.0,1517.0,1517.0,1520.0,3.0,0.0,0.0,-1.0,-1.0,0.0,0.0
1,2,15,12,1538.0,1541.0,1544.0,3.0,32.0,0.0,3.0,1537.0,1541.0,1544.0,3.0,0.0,4.0,0.0,0.0,0.0,1.0
1,2,4,13,1576.0,1576.0,1578.0,2.0,28.0,0.0,0.0,1576.0,1576.0,1578.0,2.0,0.0,0.0,0.0,0.0,0.0,0.0
1,3,22,0,1602.0,1602.0,1615.0,13.0,26.0,0.0,0.0,1602.0,1602.0,1615.0,13.0,0.0,0.0,0.0,0.0,0.0,0.0
1,3,4,1,1641.0,1641.0,1645.0,4.0,30.0,0.0,0.0,1641.0,1641.0,1645.0,4.0,0.0,0.0,0.0,0.0,0.0,0.0
1,3,15,2,1675.0,1675.0,1678.0,3.0,14.0,0.0,0.0,1675.0,1675.0,1678.0,3.0,0.0,0.0,0.0,0.0,0.0,0.0
1,3,36,3,1692.0,1692.0,1694.0,2.0,26.0,0.0,0.0,1692.0,1692.0,1694.0,2.0,0.0,0.0,0.0,0.0,0.0,0.0
1,3,37,4,1720.0,1720.0,1723.0,3.0,22.0,0.0,0.0,1720.0,1720.0,1723.0,3.0,0.0,0.0,0.0,0.0,0.0,0.0
1,3,38,5,1745.0,1745.0,1748.0,3.0,24.0,0.0,0.0,1745.0,1745.0,1748.0,3.0,0.0,0.0,0.0,0.0,0.0,0.0
1,3,39,6,1772.0,1772.0,1774.0,2.0,20.0,0.0,0.0,1772.0,1772.0,1774.0,2.0,0.0,0.0,0.0,0.0,0.0,0.0
1,3,40,7,1794.0,1794.0,1800.0,6.0,21.0,0.0,0.0,1794.0,1794.0,1800.0,6.0,0.0,0.0,0.0,0.0,0.0,0.0
1,3,39,8,1821.0,1821.0,1823.0,2.0,7.0,0.0,0.0,1821.0,1821.0,1823.0,2.0,0.0,0.0,0.0,0.0,0.0,0.0
1,3,44,9,1830.0,1830.0,1832.0,2.0,11.0,0.0,0.0,1830.0,1830.0,1832.0,2.0,0.0,0.0,0.0,0.0,0.0,0.0
1,3,41,10,1843.0,1843.0,1845.0,2.0,14.0,0.0,0.0,1843.0,1843.0,1845.0,2.0,0.0,0.0,0.0,0.0,0.0,0.0
1,3,38,11,1859.0,1859.0,1862.0,3.0,23.0,0.0,0.0,1859.0,1859.0,1862.0,3.0,0.0,0.0,0.0,0.0,0.0,0.0
1,3,37,12,1885.0,1885.0,1888.0,3.0,27.0,0.0,0.0,1885.0,1885.0,1888.0,3.0,0.0,0.0,0.0,0.0,0.0,0.0
1,3,36,13,1915.0,1915.0,1917.0,2.0,15.0,0.0,0.0,1915.0,1915.0,1917.0,2.0,0.0,0.0,0.0,0.0,0.0,0.0
1,3,15,14,1932.0,1932.0,1934.0,2.0,31.0,0.0,0.0,1932.0,1932.0,1934.0,2.0,0.0,0.0,0.0,0.0,0.0,0.0
1,3,4,15,1965.0,1965.0,1967.0,2.0,27.0,0.0,0.0,1965.0,1965.0,1967.0,2.0,0.0,0.0,0.0,0.0,0.0,0.0
1,4,22,0,1994.0,1994.0,2003.0,9.0,25.0,0.0,0.0,1994.0,1994.0,2003.0,9.0,0.0,0.0,0.0,0.0,0.0,0.0
1,4,4,1,2028.0,2028.0,2032.0,4.0,30.0,0.0,0.0,2028.0,2028.0,2032.0,4.0,0.0,0.0,0.0,0.0,0.0,0.0
1,4,15,2,2062.0,2062.0,2065.0,3.0,14.0,0.0,0.0,2062.0,2062.0,2065.0,3.0,0.0,0.0,0.0,0.0,0.0,0.0
1,4,36,3,2079.0,2079.0,2081.0,2.0,26.0,0.0,0.0,2079.0,2079.0,2081.0,2.0,0.0,0.0,0.0,0.0,0.0,0.0
1,4,37,4,2107.0,2107.0,2110.0,3.0,8.0,0.0,0.0,2107.0,2107.0,2110.0,3.0,0.0,0.0,0.0,0.0,0.0,0.0
1,4,49,5,2118.0,2118.0,2120.0,2.0,13.0,0.0,0.0,2118.0,2118.0,2120.0,2.0,0.0,0.0,0.0,0.0,0.0,0.0
1,4,48,6,2133.0,2133.0,2136.0,3.0,7.0,0.0,0.0,2133.0,2133.0,2136.0,3.0,0.0,0.0,0.0,0.0,0.0,0.0
1,4,47,7,2143.0,2143.0,2145.0,2.0,10.0,0.0,0.0,2143.0,2143.0,2145.0,2.0,0.0,0.0,0.0,0.0,0.0,0.0
1,4,45,8,2155.0,2155.0,2158.0,3.0,12.0,0.0,0.0,2155.0,2155.0,2158.0,3.0,0.0,0.0,0.0,0.0,0.0,0.0
1,4,46,9,2170.0,2170.0,2174.0,4.0,20.0,0.0,0.0,2170.0,2170.0,2174.0,4.0,0.0,0.0,0.0,0.0,0.0,0.0
1,4,37,10,2194.0,2194.0,2197.0,3.0,27.0,0.0,0.0,2194.0,2194.0,2197.0,3.0,0.0,0.0,0.0,0.0,0.0,0.0
1,4,36,11,2224.0,2224.0,2226.0,2.0,16.0,0.0,0.0,2224.0,2224.0,2226.0,2.0,0.0,0.0,0.0,0.0,0.0,0.0
1,4,15,12,2242.0,2242.0,2244.0,2.0,32.0,0.0,0.0,2242.0,2242.0,2244.0,2.0,0.0,0.0,0.0,0.0,0.0,0.0
1,4,4,13,2276.0,2276.0,2278.0,2.0,27.0,0.0,0.0,2276.0,2276.0,2278.0,2.0,0.0,0.0,0.0,0.0,0.0,0.0
1,5,22,0,2305.0,2305.0,2324.0,19.0,28.0,0.0,0.0,2305.0,2305.0,2324.0,19.0,0.0,0.0,0.0,0.0,0.0,0.0
1,5,4,1,2352.0,2352.0,2356.0,4.0,35.0,0.0,0.0,2352.0,2352.0,2356.0,4.0,0.0,0.0,0.0,0.0,0.0,0.0
1,5,31,2,2391.0,2391.0,2396.0,5.0,23.0,0.0,0.0,2391.0,2391.0,2396.0,5.0,0.0,0.0,0.0,0.0,0.0,0.0
1,5,15,3,2419.0,2419.0,2423.0,4.0,17.0,0.0,0.0,2419.0,2419.0,2423.0,4.0,0.0,0.0,0.0,0.0,0.0,0.0
1,5,36,4,2440.0,2440.0,2443.0,3.0,29.0,0.0,0.0,2440.0,2440.0,2443.0,3.0,0.0,0.0,0.0,0.0,0.0,0.0
1,5,37,5,2472.0,2472.0,2476.0,4.0,24.0,0.0,0.0,2472.0,2472.0,2476.0,4.0,0.0,0.0,0.0,0.0,0.0,0.0
1,5,38,6,2500.0,2500.0,2504.0,4.0,16.0,0.0,0.0,2500.0,2500.0,2504.0,4.0,0.0,0.0,0.0,0.0,0.0,0.0
1,5,41,7,2520.0,2520.0,2523.0,3.0,11.0,0.0,0.0,2520.0,2520.0,2523.0,3.0,0.0,0.0,0.0,0.0,0.0,0.0
1,5,44,8,2534.0,2534.0,2536.0,2.0,8.0,0.0,0.0,2534.0,2534.0,2536.0,2.0,0.0,0.0,0.0,0.0,0.0,0.0
1,5,39,9,2544.0,2544.0,2546.0,2.0,22.0,0.0,0.0,2544.0,2544.0,2546.0,2.0,0.0,0.0,0.0,0.0,0.0,0.0
1,5,40,10,2568.0,2568.0,2574.0,6.0,22.0,0.0,0.0,2568.0,2568.0,2574.0,6.0,0.0,0.0,0.0,0.0,0.0,0.0
1,5,39,11,2596.0,2596.0,2598.0,2.0,7.0,0.0,0.0,2596.0,2596.0,2598.0,2.0,0.0,0.0,0.0,0.0,0.0,0.0
1,5,44,12,2605.0,2605.0,2607.0,2.0,11.0,0.0,0.0,2605.0,2605.0,2607.0,2.0,0.0,0.0,0.0,0.0,0.0,0.0
1,5,41,13,2618.0,2618.0,2621.0,3.0,16.0,0.0,0.0,2618.0,2618.0,2621.0,3.0,0.0,0.0,0.0,0.0,0.0,0.0
1,5,38,14,2637.0,2637.0,2640.0,3.0,23.0,0.0,0.0,2637.0,2637.0,2640.0,3.0,0.0,0.0,0.0,0.0,0.0,0.0
1,5,37,15,2663.0,2663.0,2666.0,3.0,28.0,0.0,0.0,2663.0,2663.0,2666.0,3.0,0.0,0.0,0.0,0.0,0.0,0.0
1,5,36,16,2694.0,2694.0,2696.0,2.0,17.0,0.0,0.0,2694.0,2694.0,2696.0,2.0,0.0,0.0,0.0,0.0,0.0,0.0
1,5,15,17,2713.0,2713.0,2716.0,3.0,32.0,0.0,0.0,2713.0,2713.0,2716.0,3.0,0.0,0.0,0.0,0.0,0.0,0.0
1,5,4,18,2748.0,2748.0,2750.0,2.0,29.0,0.0,0.0,2748.0,2748.0,2750.0,2.0,0.0,0.0,0.0,0.0,0.0,0.0
1,6,22,0,2779.0,2779.0,2804.0,25.0,26.0,0.0,0.0,2779.0,2779.0,2804.0,25.0,0.0,0.0,0.0,0.0,0.0,0.0
2,1,4,0,172.0,172.0,181.0,9.0,28.0,0.0,0.0,172.0,172.0,181.0,9.0,0.0,0.0,0.0,0.0,0.0,0.0
2,1,31,1,209.0,209.0,211.0,2.0,12.0,0.0,0.0,209.0,209.0,211.0,2.0,0.0,0.0,0.0,0.0,0.0,0.0
2,1,50,2,223.0,223.0,225.0,2.0,29.0,0.0,0.0,223.0,223.0,225.0,2.0,0.0,0.0,0.0,0.0,0.0,0.0
2,1,51,3,254.0,254.0,257.0,3.0,9.0,0.0,0.0,254.0,254.0,257.0,3.0,0.0,0.0,0.0,0.0,0.0,0.0
2,1,52,4,266.0,266.0,268.0,2.0,19.0,0.0,0.0,266.0,266.0,268.0,2.0,0.0,0.0,0.0,0.0,0.0,0.0
2,1,38,5,287.0,287.0,290.0,3.0,12.0,0.0,0.0,287.0,287.0,290.0,3.0,0.0,0.0,0.0,0.0,0.0,0.0
2,1,41,6,302.0,302.0,304.0,2.0,10.0,0.0,0.0,302.0,302.0,304.0,2.0,0.0,0.0,0.0,0.0,0.0,0.0
2,1,44,7,314.0,314.0,316.0,2.0,6.0,0.0,0.0,314.0,314.0,316.0,2.0,0.0,0.0,0.0,0.0,0.0,0.0
2,1,39,8,322.0,322.0,324.0,2.0,20.0,0.0,0.0,322.0,322.0,324.0,2.0,0.0,0.0,0.0,0.0,0.0,0.0
2,1,40,9,344.0,344.0,349.0,5.0,19.0,0.0,0.0,344.0,344.0,349.0,5.0,0.0,0.0,0.0,0.0,0.0,0.0
2,1,39,10,368.0,368.0,370.0,2.0,6.0,0.0,0.0,368.0,368.0,370.0,2.0,0.0,0.0,0.0,0.0,0.0,0.0
2,1,44,11,376.0,376.0,378.0,2.0,10.0,0.0,0.0,376.0,376.0,378.0,2.0,0.0,0.0,0.0,0.0,0.0,0.0
2,1,41,12,388.0,388.0,390.0,2.0,12.0,0.0,0.0,388.0,388.0,390.0,2.0,0.0,0.0,0.0,0.0,0.0,0.0
2,1,38,13,402.0,402.0,405.0,3.0,19.0,0.0,0.0,402.0,402.0,405.0,3.0,0.0,0.0,0.0,0.0,0.0,0.0
2,1,52,14,424.0,424.0,426.0,2.0,8.0,0.0,0.0,424.0,424.0,426.0,2.0,0.0,0.0,0.0,0.0,0.0,0.0
2,1,51,15,434.0,434.0,436.0,2.0,27.0,0.0,0.0,434.0,434.0,436.0,2.0,0.0,0.0,0.0,0.0,0.0,0.0
2,1,50,16,463.0,463.0,465.0,2.0,12.0,0.0,0.0,463.0,463.0,465.0,2.0,0.0,0.0,0.0,0.0,0.0,0.0
2,1,31,17,477.0,477.0,479.0,2.0,29.0,0.0,0.0,477.0,477.0,479.0,2.0,0.0,0.0,0.0,0.0,0.0,0.0
2,2,4,0,508.0,508.0,517.0,9.0,29.0,0.0,0.0,508.0,508.0,517.0,9.0,0.0,0.0,0.0,0.0,0.0,0.0
2,2,15,1,546.0,546.0,549.0,3.0,15.0,0.0,0.0,546.0,546.0,549.0,3.0,0.0,0.0,0.0,0.0,0.0,0.0
2,2,36,2,564.0,564.0,566.0,2.0,24.0,0.0,0.0,564.0,564.0,566.0,2.0,0.0,0.0,0.0,0.0,0.0,0.0
2,2,43,3,590.0,590.0,592.0,2.0,5.0,0.0,0.0,590.0,590.0,592.0,2.0,0.0,0.0,0.0,0.0,0.0,0.0
2,2,37,4,597.0,597.0,600.0,3.0,20.0,0.0,0.0,597.0,597.0,600.0,3.0,0.0,0.0,0.0,0.0,0.0,0.0
2,2,38,5,620.0,620.0,623.0,3.0,13.0,0.0,0.0,620.0,620.0,623.0,3.0,0.0,0.0,0.0,0.0,0.0,0.0
2,2,41,6,636.0,636.0,638.0,2.0,11.0,0.0,0.0,636.0,636.0,638.0,2.0,0.0,0.0,0.0,0.0,0.0,0.0
2,2,44,7,649.0,649.0,651.0,2.0,6.0,0.0,0.0,649.0,649.0,651.0,2.0,0.0,0.0,0.0,0.0,0.0,0.0
2,2,39,8,657.0,657.0,659.0,2.0,18.0,0.0,0.0,657.0,657.0,659.0,2.0,0.0,0.0,0.0,0.0,0.0,0.0
2,2,40,9,677.0,677.0,683.0,6.0,19.0,0.0,0.0,677.0,677.0,683.0,6.0,0.0,0.0,0.0,0.0,0.0,0.0
2,2,39,10,702.0,702.0,704.0,2.0,6.0,0.0,0.0,702.0,702.0,704.0,2.0,0.0,0.0,0.0,0.0,0.0,0.0
2,2,44,11,710.0,710.0,712.0,2.0,10.0,0.0,0.0,710.0,710.0,712.0,2.0,0.0,0.0,0.0,0.0,0.0,0.0
2,2,41,12,722.0,722.0,724.0,2.0,12.0,0.0,0.0,722.0,722.0,724.0,2.0,0.0,0.0,0.0,0.0,0.0,0.0
2,2,38,13,736.0,736.0,739.0,3.0,20.0,0.0,0.0,736.0,736.0,739.0,3.0,0.0,0.0,0.0,0.0,0.0,0.0
2,2,37,14,759.0,759.0,762.0,3.0,5.0,0.0,0.0,759.0,759.0,762.0,3.0,0.0,0.0,0.0,0.0,0.0,0.0
2,2,43,15,767.0,767.0,769.0,2.0,23.0,0.0,0.0,767.0,767.0,769.0,2.0,0.0,0.0,0.0,0.0,0.0,0.0
2,2,36,16,792.0,792.0,794.0,2.0,14.0,0.0,0.0,792.0,792.0,794.0,2.0,0.0,0.0,0.0,0.0,0.0,0.0
2,2,15,17,808.0,808.0,811.0,3.0,27.0,0.0,0.0,808.0,808.0,811.0,3.0,0.0,0.0,0.0,0.0,0.0,0.0
2,3,4,0,838.0,838.0,850.0,12.0,29.0,0.0,0.0,838.0,838.0,850.0,12.0,0.0,0.0,0.0,0.0,0.0,0.0
2,3,31,1,879.0,879.0,881.0,2.0,12.0,0.0,0.0,879.0,879.0,881.0,2.0,0.0,0.0,0.0,0.0,0.0,0.0
2,3,50,2,893.0,893.0,895.0,2.0,29.0,0.0,0.0,893.0,893.0,895.0,2.0,0.0,0.0,0.0,0.0,0.0,0.0
2,3,51,3,924.0,924.0,927.0,3.0,9.0,0.0,0.0,924.0,924.0,927.0,3.0,0.0,0.0,0.0,0.0,0.0,0.0
2,3,52,4,936.0,936.0,938.0,2.0,19.0,0.0,0.0,936.0,936.0,938.0,2.0,0.0,0.0,0.0,0.0,0.0,0.0
2,3,38,5,957.0,957.0,960.0,3.0,12.0,0.0,0.0,957.0,957.0,960.0,3.0,0.0,0.0,0.0,0.0,0.0,0.0
2,3,41,6,972.0,972.0,974.0,2.0,10.0,0.0,0.0,972.0,972.0,974.0,2.0,0.0,0.0,0.0,0.0,0.0,0.0
2,3,44,7,984.0,984.0,986.0,2.0,6.0,0.0,0.0,984.0,984.0,986.0,2.0,0.0,0.0,0.0,0.0,0.0,0.0
2,3,39,8,992.0,992.0,994.0,2.0,19.0,0.0,0.0,992.0,992.0,994.0,2.0,0.0,0.0,0.0,0.0,0.0,0.0
2,3,40,9,1013.0,1013.0,1019.0,6.0,19.0,0.0,0.0,1013.0,1013.0,1019.0,6.0,0.0,0.0,0.0,0.0,0.0,0.0
2,3,39,10,1038.0,1038.0,1040.0,2.0,6.0,0.0,0.0,1038.0,1038.0,1040.0,2.0,0.0,0.0,0.0,0.0,0.0,0.0
2,3,44,11,1046.0,1046.0,1048.0,2.0,10.0,0.0,0.0,1046.0,1046.0,1048.0,2.0,0.0,0.0,0.0,0.0,0.0,0.0
2,3,41,12,1058.0,1058.0,1060.0,2.0,12.0,0.0,0.0,1058.0,1058.0,1060.0,2.0,0.0,0.0,0.0,0.0,0.0,0.0
2,3,38,13,1072.0,1072.0,1075.0,3.0,19.0,0.0,0.0,1072.0,1072.0,1075.0,3.0,0.0,0.0,0.0,0.0,0.0,0.0
2,3,52,14,1094.0,1094.0,1096.0,2.0,8.0,0.0,0.0,1094.0,1094.0,1096.0,2.0,0.0,0.0,0.0,0.0,0.0,0.0
2,3,51,15,1104.0,1104.0,1106.0,2.0,27.0,0.0,0.0,1104.0,1104.0,1106.0,2.0,0.0,0.0,0.0,0.0,0.0,0.0
2,3,50,16,1133.0,1133.0,1135.0,2.0,12.0,0.0,0.0,1133.0,1133.0,1135.0,2.0,0.0,0.0,0.0,0.0,0.0,0.0
2,3,31,17,1147.0,1147.0,1149.0,2.0,29.0,0.0,0.0,1147.0,1147.0,1149.0,2.0,0.0,0.0,0.0,0.0,0.0,0.0
2,4,4,0,1178.0,1178.0,1189.0,11.0,27.0,0.0,0.0,1178.0,1178.0,1189.0,11.0,0.0,0.0,0.0,0.0,0.0,0.0
2,4,15,1,1216.0,1216.0,1219.0,3.0,14.0,0.0,0.0,1216.0,1216.0,1219.0,3.0,0.0,0.0,0.0,0.0,0.0,0.0
2,4,36,2,1233.0,1233.0,1235.0,2.0,23.0,0.0,0.0,1233.0,1233.0,1235.0,2.0,0.0,0.0,0.0,0.0,0.0,0.0
2,4,43,3,1258.0,1258.0,1260.0,2.0,5.0,0.0,0.0,1258.0,1258.0,1260.0,2.0,0.0,0.0,0.0,0.0,0.0,0.0
2,4,37,4,1265.0,1265.0,1268.0,3.0,20.0,0.0,0.0,1265.0,1265.0,1268.0,3.0,0.0,0.0,0.0,0.0,0.0,0.0
2,4,38,5,1288.0,1288.0,1291.0,3.0,13.0,0.0,0.0,1288.0,1288.0,1291.0,3.0,0.0,0.0,0.0,0.0,0.0,0.0
2,4,41,6,1304.0,1304.0,1306.0,2.0,11.0,0.0,0.0,1304.0,1304.0,1306.0,2.0,0.0,0.0,0.0,0.0,0.0,0.0
2,4,44,7,1317.0,1317.0,1319.0,2.0,7.0,0.0,0.0,1317.0,1317.0,1319.0,2.0,0.0,0.0,0.0,0.0,0.0,0.0
2,4,53,8,1326.0,1326.0,1328.0,2.0,20.0,0.0,0.0,1326.0,1326.0,1328.0,2.0,0.0,0.0,0.0,0.0,0.0,0.0
2,4,40,9,1348.0,1348.0,1353.0,5.0,19.0,0.0,0.0,1348.0,1348.0,1353.0,5.0,0.0,0.0,0.0,0.0,0.0,0.0
2,4,53,10,1372.0,1372.0,1374.0,2.0,6.0,0.0,0.0,1372.0,1372.0,1374.0,2.0,0.0,0.0,0.0,0.0,0.0,0.0
2,4,44,11,1380.0,1380.0,1382.0,2.0,10.0,0.0,0.0,1380.0,1380.0,1382.0,2.0,0.0,0.0,0.0,0.0,0.0,0.0
2,4,41,12,1392.0,1392.0,1394.0,2.0,12.0,0.0,0.0,1392.0,1392.0,1394.0,2.0,0.0,0.0,0.0,0.0,0.0,0.0
2,4,38,13,1406.0,1406.0,1409.0,3.0,20.0,0.0,0.0,1406.0,1406.0,1409.0,3.0,0.0,0.0,0.0,0.0,0.0,0.0
2,4,37,14,1429.0,1429.0,1432.0,3.0,5.0,0.0,0.0,1429.0,1429.0,1432.0,3.0,0.0,0.0,0.0,0.0,0.0,0.0
2,4,43,15,1437.0,1437.0,1439.0,2.0,24.0,0.0,0.0,1437.0,1437.0,1439.0,2.0,0.0,0.0,0.0,0.0,0.0,0.0
2,4,36,16,1463.0,1464.0,1466.0,2.0,15.0,0.0,1.0,1463.0,1464.0,1466.0,2.0,0.0,1.0,0.0,0.0,0.0,0.0
2,4,15,17,1481.0,1481.0,1484.0,3.0,28.0,0.0,0.0,1481.0,1481.0,1484.0,3.0,0.0,0.0,0.0,0.0,0.0,0.0
2,5,4,0,1511.0,1511.0,1522.0,11.0,28.0,0.0,0.0,1511.0,1511.0,1522.0,11.0,0.0,0.0,0.0,0.0,0.0,0.0
2,5,15,1,1550.0,1550.0,1553.0,3.0,15.0,0.0,0.0,1550.0,1550.0,1553.0,3.0,0.0,0.0,0.0,0.0,0.0,0.0
2,5,36,2,1568.0,1568.0,1570.0,2.0,24.0,0.0,0.0,1568.0,1568.0,1570.0,2.0,0.0,0.0,0.0,0.0,0.0,0.0
2,5,43,3,1594.0,1594.0,1596.0,2.0,5.0,0.0,0.0,1594.0,1594.0,1596.0,2.0,0.0,0.0,0.0,0.0,0.0,0.0
2,5,37,4,1601.0,1601.0,1604.0,3.0,20.0,0.0,0.0,1601.0,1601.0,1604.0,3.0,0.0,0.0,0.0,0.0,0.0,0.0
2,5,38,5,1624.0,1624.0,1627.0,3.0,13.0,0.0,0.0,1624.0,1624.0,1627.0,3.0,0.0,0.0,0.0,0.0,0.0,0.0
2,5,41,6,1640.0,1640.0,1642.0,2.0,11.0,0.0,0.0,1640.0,1640.0,1642.0,2.0,0.0,0.0,0.0,0.0,0.0,0.0
2,5,44,7,1653.0,1653.0,1655.0,2.0,7.0,0.0,0.0,1653.0,1653.0,1655.0,2.0,0.0,0.0,0.0,0.0,0.0,0.0
2,5,53,8,1662.0,1662.0,1663.0,1.0,2.0,0.0,0.0,1662.0,1662.0,1663.0,1.0,0.0,0.0,0.0,0.0,0.0,0.0
2,5,39,9,1665.0,1665.0,1667.0,2.0,19.0,0.0,0.0,1665.0,1665.0,1667.0,2.0,0.0,0.0,0.0,0.0,0.0,0.0
2,5,40,10,1686.0,1686.0,1692.0,6.0,19.0,0.0,0.0,1686.0,1686.0,1692.0,6.0,0.0,0.0,0.0,0.0,0.0,0.0
2,5,39,11,1711.0,1711.0,1713.0,2.0,2.0,0.0,0.0,1711.0,1711.0,1713.0,2.0,0.0,0.0,0.0,0.0,0.0,0.0
2,5,53,12,1715.0,1715.0,1716.0,1.0,6.0,0.0,0.0,1715.0,1715.0,1716.0,1.0,0.0,0.0,0.0,0.0,0.0,0.0
2,5,44,13,1722.0,1722.0,1724.0,2.0,10.0,0.0,0.0,1722.0,1722.0,1724.0,2.0,0.0,0.0,0.0,0.0,0.0,0.0
2,5,41,14,1734.0,1734.0,1736.0,2.0,12.0,0.0,0.0,1734.0,1734.0,1736.0,2.0,0.0,0.0,0.0,0.0,0.0,0.0
2,5,38,15,1748.0,1748.0,1750.0,2.0,20.0,0.0,0.0,1748.0,1748.0,1750.0,2.0,0.0,0.0,0.0,0.0,0.0,0.0
2,5,37,16,1770.0,1770.0,1773.0,3.0,20.0,0.0,0.0,1770.0,1770.0,1773.0,3.0,0.0,0.0,0.0,0.0,0.0,0.0
2,5,52,17,1793.0,1793.0,1795.0,2.0,8.0,0.0,0.0,1793.0,1793.0,1795.0,2.0,0.0,0.0,0.0,0.0,0.0,0.0
2,5,51,18,1803.0,1803.0,1806.0,3.0,27.0,0.0,0.0,1803.0,1803.0,1806.0,3.0,0.0,0.0,0.0,0.0,0.0,0.0
2,5,50,19,1833.0,1833.0,1835.0,2.0,12.0,0.0,0.0,1833.0,1833.0,1835.0,2.0,0.0,0.0,0.0,0.0,0.0,0.0
2,5,31,20,1847.0,1847.0,1849.0,2.0,29.0,0.0,0.0,1847.0,1847.0,1849.0,2.0,0.0,0.0,0.0,0.0,0.0,0.0
2,6,4,0,1878.0,1878.0,1887.0,9.0,30.0,0.0,0.0,1878.0,1878.0,1887.0,9.0,0.0,0.0,0.0,0.0,0.0,0.0
3,1,22,0,76.0,76.0,88.0,12.0,25.0,0.0,0.0,76.0,76.0,88.0,12.0,0.0,0.0,0.0,0.0,0.0,0.0
3,1,4,1,113.0,113.0,117.0,4.0,27.0,0.0,0.0,113.0,113.0,117.0,4.0,0.0,0.0,0.0,0.0,0.0,0.0
3,1,15,2,144.0,144.0,147.0,3.0,35.0,0.0,0.0,144.0,144.0,147.0,3.0,0.0,0.0,0.0,0.0,0.0,0.0
3,1,37,3,182.0,182.0,184.0,2.0,20.0,0.0,0.0,182.0,190.0,192.0,2.0,0.0,8.0,8.0,8.0,0.0,8.0
3,1,38,4,204.0,204.0,207.0,3.0,13.0,0.0,0.0,212.0,212.0,215.0,3.0,0.0,0.0,8.0,8.0,0.0,0.0
3,1,41,5,220.0,220.0,222.0,2.0,8.0,0.0,0.0,228.0,228.0,230.0,2.0,0.0,0.0,8.0,8.0,0.0,0.0
3,1,54,6,230.0,230.0,231.0,1.0,7.0,0.0,0.0,238.0,238.0,239.0,1.0,0.0,0.0,8.0,8.0,0.0,0.0
3,1,44,7,238.0,238.0,240.0,2.0,22.0,0.0,0.0,246.0,246.0,248.0,2.0,0.0,0.0,8.0,8.0,0.0,0.0
3,1,40,8,262.0,262.0,268.0,6.0,20.0,0.0,0.0,270.0,270.0,276.0,6.0,0.0,0.0,8.0,8.0,0.0,0.0
3,1,44,9,288.0,288.0,290.0,2.0,6.0,0.0,0.0,296.0,296.0,298.0,2.0,0.0,0.0,8.0,8.0,0.0,0.0
3,1,54,10,296.0,296.0,297.0,1.0,8.0,0.0,0.0,304.0,304.0,305.0,1.0,0.0,0.0,8.0,8.0,0.0,0.0
3,1,41,11,305.0,305.0,307.0,2.0,12.0,0.0,0.0,313.0,313.0,315.0,2.0,0.0,0.0,8.0,8.0,0.0,0.0
3,1,38,12,319.0,319.0,321.0,2.0,46.0,0.0,0.0,327.0,329.0,331.0,2.0,0.0,2.0,10.0,10.0,0.0,2.0
3,1,15,13,367.0,367.0,369.0,2.0,26.0,0.0,0.0,377.0,377.0,379.0,2.0,0.0,0.0,10.0,10.0,0.0,0.0
3,1,4,14,395.0,395.0,397.0,2.0,25.0,0.0,0.0,405.0,405.0,407.0,2.0,0.0,0.0,10.0,10.0,0.0,0.0
3,2,22,0,422.0,422.0,435.0,13.0,24.0,0.0,0.0,422.0,422.0,435.0,13.0,0.0,0.0,0.0,0.0,0.0,0.0
3,2,4,1,459.0,459.0,463.0,4.0,26.0,0.0,0.0,459.0,459.0,463.0,4.0,0.0,0.0,0.0,0.0,0.0,0.0
3,2,15,2,489.0,489.0,492.0,3.0,49.0,0.0,0.0,489.0,489.0,492.0,3.0,0.0,0.0,0.0,0.0,0.0,0.0
3,2,38,3,541.0,541.0,544.0,3.0,12.0,0.0,0.0,541.0,541.0,544.0,3.0,0.0,0.0,0.0,0.0,0.0,0.0
3,2,41,4,556.0,556.0,558.0,2.0,10.0,0.0,0.0,556.0,556.0,558.0,2.0,0.0,0.0,0.0,0.0,0.0,0.0
3,2,44,5,568.0,568.0,570.0,2.0,26.0,0.0,0.0,568.0,568.0,570.0,2.0,0.0,0.0,0.0,0.0,0.0,0.0
3,2,40,6,596.0,596.0,603.0,7.0,23.0,0.0,0.0,596.0,596.0,603.0,7.0,0.0,0.0,0.0,0.0,0.0,0.0
3,2,44,7,626.0,626.0,628.0,2.0,11.0,0.0,0.0,626.0,626.0,628.0,2.0,0.0,0.0,0.0,0.0,0.0,0.0
3,2,41,8,639.0,639.0,641.0,2.0,12.0,0.0,0.0,639.0,639.0,641.0,2.0,0.0,0.0,0.0,0.0,0.0,0.0
3,2,38,9,653.0,653.0,655.0,2.0,49.0,0.0,0.0,653.0,653.0,655.0,2.0,0.0,0.0,0.0,0.0,0.0,0.0
3,2,15,10,704.0,704.0,706.0,2.0,26.0,0.0,0.0,704.0,704.0,706.0,2.0,0.0,0.0,0.0,0.0,0.0,0.0
3,2,4,11,732.0,732.0,734.0,2.0,26.0,0.0,0.0,732.0,737.0,739.0,2.0,0.0,5.0,5.0,5.0,0.0,5.0
3,3,22,0,760.0,760.0,781.0,21.0,25.0,0.0,0.0,760.0,760.0,781.0,21.0,0.0,0.0,0.0,0.0,0.0,0.0
3,3,4,1,806.0,806.0,810.0,4.0,26.0,0.0,0.0,806.0,806.0,810.0,4.0,0.0,0.0,0.0,0.0,0.0,0.0
3,3,15,2,836.0,836.0,840.0,4.0,49.0,0.0,0.0,836.0,836.0,840.0,4.0,0.0,0.0,0.0,0.0,0.0,0.0
3,3,38,3,889.0,889.0,892.0,3.0,12.0,0.0,0.0,889.0,889.0,892.0,3.0,0.0,0.0,0.0,0.0,0.0,0.0
3,3,41,4,904.0,904.0,906.0,2.0,8.0,0.0,0.0,904.0,904.0,906.0,2.0,0.0,0.0,0.0,0.0,0.0,0.0
3,3,54,5,914.0,914.0,915.0,1.0,7.0,0.0,0.0,914.0,914.0,915.0,1.0,0.0,0.0,0.0,0.0,0.0,0.0
3,3,44,6,922.0,922.0,924.0,2.0,22.0,0.0,0.0,922.0,922.0,924.0,2.0,0.0,0.0,0.0,0.0,0.0,0.0
3,3,40,7,946.0,946.0,953.0,7.0,23.0,0.0,0.0,946.0,946.0,953.0,7.0,0.0,0.0,0.0,0.0,0.0,0.0
3,3,44,8,976.0,976.0,978.0,2.0,7.0,0.0,0.0,976.0,976.0,978.0,2.0,0.0,0.0,0.0,0.0,0.0,0.0
3,3,54,9,985.0,985.0,986.0,1.0,7.0,0.0,0.0,985.0,985.0,986.0,1.0,0.0,0.0,0.0,0.0,0.0,0.0
3,3,41,10,993.0,993.0,995.0,2.0,14.0,0.0,0.0,993.0,993.0,995.0,2.0,0.0,0.0,0.0,0.0,0.0,0.0
3,3,38,11,1009.0,1009.0,1012.0,3.0,49.0,0.0,0.0,1009.0,1009.0,1012.0,3.0,0.0,0.0,0.0,0.0,0.0,0.0
3,3,15,12,1061.0,1061.0,1063.0,2.0,27.0,0.0,0.0,1061.0,1061.0,1063.0,2.0,0.0,0.0,0.0,0.0,0.0,0.0
3,3,4,13,1090.0,1090.0,1092.0,2.0,26.0,0.0,0.0,1090.0,1090.0,1092.0,2.0,0.0,0.0,0.0,0.0,0.0,0.0
3,4,22,0,1118.0,1118.0,1131.0,13.0,25.0,0.0,0.0,1118.0,1118.0,1131.0,13.0,0.0,0.0,0.0,0.0,0.0,0.0
3,4,4,1,1156.0,1156.0,1160.0,4.0,26.0,0.0,0.0,1156.0,1156.0,1160.0,4.0,0.0,0.0,0.0,0.0,0.0,0.0
3,4,15,2,1186.0,1186.0,1190.0,4.0,49.0,0.0,0.0,1186.0,1186.0,1190.0,4.0,0.0,0.0,0.0,0.0,0.0,0.0
3,4,38,3,1239.0,1239.0,1242.0,3.0,12.0,0.0,0.0,1239.0,1239.0,1242.0,3.0,0.0,0.0,0.0,0.0,0.0,0.0
3,4,41,4,1254.0,1254.0,1256.0,2.0,8.0,0.0,0.0,1254.0,1254.0,1256.0,2.0,0.0,0.0,0.0,0.0,0.0,0.0
3,4,54,5,1264.0,1264.0,1265.0,1.0,7.0,0.0,0.0,1264.0,1264.0,1265.0,1.0,0.0,0.0,0.0,0.0,0.0,0.0
3,4,44,6,1272.0,1272.0,1274.0,2.0,22.0,0.0,0.0,1272.0,1272.0,1274.0,2.0,0.0,0.0,0.0,0.0,0.0,0.0
3,4,40,7,1296.0,1296.0,1302.0,6.0,23.0,0.0,0.0,1296.0,1296.0,1302.0,6.0,0.0,0.0,0.0,0.0,0.0,0.0
3,4,44,8,1325.0,1325.0,1327.0,2.0,7.0,0.0,0.0,1325.0,1325.0,1327.0,2.0,0.0,0.0,0.0,0.0,0.0,0.0
3,4,54,9,1334.0,1334.0,1335.0,1.0,7.0,0.0,0.0,1334.0,1334.0,1335.0,1.0,0.0,0.0,0.0,0.0,0.0,0.0
3,4,41,10,1342.0,1342.0,1344.0,2.0,14.0,0.0,0.0,1342.0,1342.0,1344.0,2.0,0.0,0.0,0.0,0.0,0.0,0.0
3,4,38,11,1358.0,1358.0,1361.0,3.0,49.0,0.0,0.0,1358.0,1358.0,1361.0,3.0,0.0,0.0,0.0,0.0,0.0,0.0
3,4,15,12,1410.0,1410.0,1412.0,2.0,27.0,0.0,0.0,1410.0,1410.0,1412.0,2.0,0.0,0.0,0.0,0.0,0.0,0.0
3,4,4,13,1439.0,1439.0,1441.0,2.0,26.0,0.0,0.0,1439.0,1439.0,1441.0,2.0,0.0,0.0,0.0,0.0,0.0,0.0
3,5,22,0,1467.0,1467.0,1480.0,13.0,25.0,0.0,0.0,1467.0,1467.0,1480.0,13.0,0.0,0.0,0.0,0.0,0.0,0.0
3,5,4,1,1505.0,1505.0,1510.0,5.0,27.0,0.0,0.0,1505.0,1505.0,1510.0,5.0,0.0,0.0,0.0,0.0,0.0,0.0
3,5,15,2,1537.0,1537.0,1541.0,4.0,14.0,0.0,0.0,1537.0,1537.0,1541.0,4.0,0.0,0.0,0.0,0.0,0.0,0.0
3,5,36,3,1555.0,1555.0,1557.0,2.0,24.0,0.0,0.0,1555.0,1555.0,1557.0,2.0,0.0,0.0,0.0,0.0,0.0,0.0
3,5,43,4,1581.0,1581.0,1583.0,2.0,4.0,0.0,0.0,1581.0,1581.0,1583.0,2.0,0.0,0.0,0.0,0.0,0.0,0.0
3,5,37,5,1587.0,1587.0,1591.0,4.0,8.0,0.0,0.0,1587.0,1587.0,1591.0,4.0,0.0,0.0,0.0,0.0,0.0,0.0
3,5,49,6,1599.0,1599.0,1601.0,2.0,12.0,0.0,0.0,1599.0,1599.0,1601.0,2.0,0.0,0.0,0.0,0.0,0.0,0.0
3,5,48,7,1613.0,1613.0,1616.0,3.0,6.0,0.0,0.0,1613.0,1613.0,1616.0,3.0,0.0,0.0,0.0,0.0,0.0,0.0
3,5,47,8,1622.0,1622.0,1624.0,2.0,9.0,0.0,0.0,1622.0,1622.0,1624.0,2.0,0.0,0.0,0.0,0.0,0.0,0.0
3,5,45,9,1633.0,1633.0,1635.0,2.0,11.0,0.0,0.0,1633.0,1633.0,1635.0,2.0,0.0,0.0,0.0,0.0,0.0,0.0
3,5,46,10,1646.0,1646.0,1649.0,3.0,13.0,0.0,0.0,1646.0,1646.0,1649.0,3.0,0.0,0.0,0.0,0.0,0.0,0.0
3,5,38,11,1662.0,1662.0,1665.0,3.0,13.0,0.0,0.0,1662.0,1662.0,1665.0,3.0,0.0,0.0,0.0,0.0,0.0,0.0
3,5,41,12,1678.0,1678.0,1680.0,2.0,8.0,0.0,0.0,1678.0,1678.0,1680.0,2.0,0.0,0.0,0.0,0.0,0.0,0.0
3,5,54,13,1688.0,1688.0,1689.0,1.0,7.0,0.0,0.0,1688.0,1688.0,1689.0,1.0,0.0,0.0,0.0,0.0,0.0,0.0
3,5,44,14,1696.0,1696.0,1698.0,2.0,23.0,0.0,0.0,1696.0,1696.0,1698.0,2.0,0.0,0.0,0.0,0.0,0.0,0.0
3,5,40,15,1721.0,1721.0,1727.0,6.0,24.0,0.0,0.0,1721.0,1721.0,1727.0,6.0,0.0,0.0,0.0,0.0,0.0,0.0
3,5,44,16,1751.0,1751.0,1753.0,2.0,7.0,0.0,0.0,1751.0,1751.0,1753.0,2.0,0.0,0.0,0.0,0.0,0.0,0.0
3,5,54,17,1760.0,1760.0,1761.0,1.0,8.0,0.0,0.0,1760.0,1760.0,1761.0,1.0,0.0,0.0,0.0,0.0,0.0,0.0
3,5,41,18,1769.0,1769.0,1771.0,2.0,13.0,0.0,0.0,1769.0,1769.0,1771.0,2.0,0.0,0.0,0.0,0.0,0.0,0.0
3,5,38,19,1784.0,1784.0,1787.0,3.0,38.0,0.0,0.0,1784.0,1784.0,1787.0,3.0,0.0,0.0,0.0,0.0,0.0,0.0
3,5,36,20,1825.0,1825.0,1828.0,3.0,15.0,0.0,0.0,1825.0,1825.0,1828.0,3.0,0.0,0.0,0.0,0.0,0.0,0.0
3,5,15,21,1843.0,1843.0,1846.0,3.0,27.0,0.0,0.0,1843.0,1843.0,1846.0,3.0,0.0,0.0,0.0,0.0,0.0,0.0
3,5,4,22,1873.0,1873.0,1876.0,3.0,26.0,0.0,0.0,1873.0,1873.0,1876.0,3.0,0.0,0.0,0.0,0.0,0.0,0.0
3,6,22,0,1902.0,1923.0,1933.0,10.0,24.0,0.0,21.0,1902.0,1923.0,1933.0,10.0,0.0,21.0,0.0,0.0,0.0,0.0
4,2,22,0,355.0,355.0,364.0,9.0,23.0,0.0,0.0,355.0,355.0,364.0,9.0,0.0,0.0,0.0,0.0,0.0,0.0
4,2,4,1,387.0,387.0,391.0,4.0,27.0,0.0,0.0,387.0,387.0,391.0,4.0,0.0,0.0,0.0,0.0,0.0,0.0
4,2,15,2,418.0,418.0,421.0,3.0,14.0,0.0,0.0,418.0,418.0,421.0,3.0,0.0,0.0,0.0,0.0,0.0,0.0
4,2,36,3,435.0,435.0,437.0,2.0,24.0,0.0,0.0,435.0,435.0,437.0,2.0,0.0,0.0,0.0,0.0,0.0,0.0
4,2,37,4,461.0,461.0,464.0,3.0,8.0,0.0,0.0,461.0,461.0,464.0,3.0,0.0,0.0,0.0,0.0,0.0,0.0
4,2,49,5,472.0,472.0,474.0,2.0,12.0,0.0,0.0,472.0,472.0,474.0,2.0,0.0,0.0,0.0,0.0,0.0,0.0
4,2,48,6,486.0,486.0,489.0,3.0,7.0,0.0,0.0,486.0,486.0,489.0,3.0,0.0,0.0,0.0,0.0,0.0,0.0
4,2,47,7,496.0,496.0,499.0,3.0,9.0,0.0,0.0,496.0,496.0,499.0,3.0,0.0,0.0,0.0,0.0,0.0,0.0
4,2,45,8,508.0,508.0,510.0,2.0,9.0,0.0,0.0,508.0,508.0,510.0,2.0,0.0,0.0,0.0,0.0,0.0,0.0
4,2,47,9,519.0,519.0,521.0,2.0,7.0,0.0,0.0,519.0,519.0,521.0,2.0,0.0,0.0,0.0,0.0,0.0,0.0
4,2,48,10,528.0,528.0,530.0,2.0,13.0,0.0,0.0,528.0,528.0,530.0,2.0,0.0,0.0,0.0,0.0,0.0,0.0
4,2,49,11,543.0,543.0,544.0,1.0,8.0,0.0,0.0,543.0,543.0,544.0,1.0,0.0,0.0,0.0,0.0,0.0,0.0
4,2,37,12,552.0,552.0,554.0,2.0,25.0,0.0,0.0,552.0,552.0,554.0,2.0,0.0,0.0,0.0,0.0,0.0,0.0
4,2,36,13,579.0,579.0,581.0,2.0,15.0,0.0,0.0,579.0,579.0,581.0,2.0,0.0,0.0,0.0,0.0,0.0,0.0
4,2,15,14,596.0,596.0,598.0,2.0,28.0,0.0,0.0,596.0,596.0,598.0,2.0,0.0,0.0,0.0,0.0,0.0,0.0
4,2,4,15,626.0,626.0,629.0,3.0,24.0,0.0,0.0,626.0,626.0,629.0,3.0,0.0,0.0,0.0,0.0,0.0,0.0
4,3,22,0,653.0,680.0,694.0,14.0,24.0,0.0,27.0,653.0,653.0,667.0,14.0,0.0,0.0,-27.0,-27.0,0.0,-27.0
4,3,4,1,718.0,718.0,722.0,4.0,27.0,0.0,0.0,691.0,691.0,695.0,4.0,0.0,0.0,-27.0,-27.0,0.0,0.0
4,3,15,2,749.0,749.0,752.0,3.0,15.0,0.0,0.0,722.0,722.0,725.0,3.0,0.0,0.0,-27.0,-27.0,0.0,0.0
4,3,36,3,767.0,767.0,769.0,2.0,24.0,0.0,0.0,740.0,740.0,742.0,2.0,0.0,0.0,-27.0,-27.0,0.0,0.0
4,3,37,4,793.0,793.0,796.0,3.0,8.0,0.0,0.0,766.0,766.0,769.0,3.0,0.0,0.0,-27.0,-27.0,0.0,0.0
4,3,49,5,804.0,804.0,806.0,2.0,12.0,0.0,0.0,777.0,777.0,779.0,2.0,0.0,0.0,-27.0,-27.0,0.0,0.0
4,3,48,6,818.0,818.0,821.0,3.0,7.0,0.0,0.0,791.0,791.0,794.0,3.0,0.0,0.0,-27.0,-27.0,0.0,0.0
4,3,47,7,828.0,828.0,831.0,3.0,9.0,0.0,0.0,801.0,801.0,804.0,3.0,0.0,0.0,-27.0,-27.0,0.0,0.0
4,3,45,8,840.0,840.0,842.0,2.0,10.0,0.0,0.0,813.0,813.0,815.0,2.0,0.0,0.0,-27.0,-27.0,0.0,0.0
4,3,46,9,852.0,852.0,856.0,4.0,10.0,0.0,0.0,825.0,825.0,829.0,4.0,0.0,0.0,-27.0,-27.0,0.0,0.0
4,3,45,10,866.0,866.0,868.0,2.0,9.0,0.0,0.0,839.0,839.0,841.0,2.0,0.0,0.0,-27.0,-27.0,0.0,0.0
4,3,47,11,877.0,877.0,879.0,2.0,7.0,0.0,0.0,850.0,850.0,852.0,2.0,0.0,0.0,-27.0,-27.0,0.0,0.0
4,3,48,12,886.0,886.0,888.0,2.0,13.0,0.0,0.0,859.0,859.0,861.0,2.0,0.0,0.0,-27.0,-27.0,0.0,0.0
4,3,49,13,901.0,901.0,902.0,1.0,8.0,0.0,0.0,874.0,874.0,875.0,1.0,0.0,0.0,-27.0,-27.0,0.0,0.0
4,3,37,14,910.0,910.0,912.0,2.0,25.0,0.0,0.0,883.0,883.0,885.0,2.0,0.0,0.0,-27.0,-27.0,0.0,0.0
4,3,36,15,937.0,937.0,939.0,2.0,14.0,0.0,0.0,910.0,910.0,912.0,2.0,0.0,0.0,-27.0,-27.0,0.0,0.0
4,3,15,16,953.0,953.0,955.0,2.0,28.0,0.0,0.0,926.0,926.0,928.0,2.0,0.0,0.0,-27.0,-27.0,0.0,0.0
4,3,4,17,983.0,983.0,986.0,3.0,25.0,0.0,0.0,956.0,956.0,959.0,3.0,0.0,0.0,-27.0,-27.0,0.0,0.0
4,4,22,0,984.0,984.0,1000.0,16.0,25.0,0.0,0.0,984.0,984.0,1000.0,16.0,0.0,0.0,0.0,0.0,0.0,0.0
4,4,4,1,1025.0,1025.0,1029.0,4.0,27.0,0.0,0.0,1025.0,1025.0,1029.0,4.0,0.0,0.0,0.0,0.0,0.0,0.0
4,4,15,2,1056.0,1056.0,1059.0,3.0,15.0,0.0,0.0,1056.0,1056.0,1059.0,3.0,0.0,0.0,0.0,0.0,0.0,0.0
4,4,36,3,1074.0,1074.0,1076.0,2.0,24.0,0.0,0.0,1074.0,1074.0,1076.0,2.0,0.0,0.0,0.0,0.0,0.0,0.0
4,4,37,4,1100.0,1100.0,1103.0,3.0,8.0,0.0,0.0,1100.0,1100.0,1103.0,3.0,0.0,0.0,0.0,0.0,0.0,0.0
4,4,49,5,1111.0,1111.0,1113.0,2.0,12.0,0.0,0.0,1111.0,1111.0,1113.0,2.0,0.0,0.0,0.0,0.0,0.0,0.0
4,4,48,6,1125.0,1125.0,1128.0,3.0,8.0,0.0,0.0,1125.0,1125.0,1128.0,3.0,0.0,0.0,0.0,0.0,0.0,0.0
4,4,47,7,1136.0,1136.0,1139.0,3.0,9.0,0.0,0.0,1136.0,1136.0,1139.0,3.0,0.0,0.0,0.0,0.0,0.0,0.0
4,4,45,8,1148.0,1148.0,1150.0,2.0,10.0,0.0,0.0,1148.0,1148.0,1150.0,2.0,0.0,0.0,0.0,0.0,0.0,0.0
4,4,46,9,1160.0,1160.0,1164.0,4.0,10.0,0.0,0.0,1160.0,1160.0,1164.0,4.0,0.0,0.0,0.0,0.0,0.0,0.0
4,4,45,10,1174.0,1174.0,1176.0,2.0,9.0,0.0,0.0,1174.0,1174.0,1176.0,2.0,0.0,0.0,0.0,0.0,0.0,0.0
4,4,47,11,1185.0,1185.0,1187.0,2.0,7.0,0.0,0.0,1185.0,1185.0,1187.0,2.0,0.0,0.0,0.0,0.0,0.0,0.0
4,4,48,12,1194.0,1194.0,1196.0,2.0,13.0,0.0,0.0,1194.0,1194.0,1196.0,2.0,0.0,0.0,0.0,0.0,0.0,0.0
4,4,49,13,1209.0,1209.0,1210.0,1.0,8.0,0.0,0.0,1209.0,1209.0,1210.0,1.0,0.0,0.0,0.0,0.0,0.0,0.0
4,4,37,14,1218.0,1218.0,1220.0,2.0,25.0,0.0,0.0,1218.0,1218.0,1220.0,2.0,0.0,0.0,0.0,0.0,0.0,0.0
4,4,36,15,1245.0,1245.0,1247.0,2.0,14.0,0.0,0.0,1245.0,1245.0,1247.0,2.0,0.0,0.0,0.0,0.0,0.0,0.0
4,4,15,16,1261.0,1261.0,1263.0,2.0,28.0,0.0,0.0,1261.0,1261.0,1263.0,2.0,0.0,0.0,0.0,0.0,0.0,0.0
4,4,4,17,1291.0,1291.0,1294.0,3.0,25.0,0.0,0.0,1291.0,1291.0,1294.0,3.0,0.0,0.0,0.0,0.0,0.0,0.0
4,5,22,0,1319.0,1319.0,1332.0,13.0,25.0,0.0,0.0,1319.0,1319.0,1332.0,13.0,0.0,0.0,0.0,0.0,0.0,0.0
4,5,4,1,1357.0,1357.0,1361.0,4.0,27.0,0.0,0.0,1357.0,1357.0,1361.0,4.0,0.0,0.0,0.0,0.0,0.0,0.0
4,5,15,2,1388.0,1388.0,1391.0,3.0,15.0,0.0,0.0,1388.0,1388.0,1391.0,3.0,0.0,0.0,0.0,0.0,0.0,0.0
4,5,36,3,1406.0,1406.0,1408.0,2.0,24.0,0.0,0.0,1406.0,1406.0,1408.0,2.0,0.0,0.0,0.0,0.0,0.0,0.0
4,5,37,4,1432.0,1432.0,1435.0,3.0,8.0,0.0,0.0,1432.0,1432.0,1435.0,3.0,0.0,0.0,0.0,0.0,0.0,0.0
4,5,49,5,1443.0,1443.0,1445.0,2.0,12.0,0.0,0.0,1443.0,1443.0,1445.0,2.0,0.0,0.0,0.0,0.0,0.0,0.0
4,5,48,6,1457.0,1457.0,1460.0,3.0,8.0,0.0,0.0,1457.0,1457.0,1460.0,3.0,0.0,0.0,0.0,0.0,0.0,0.0
4,5,47,7,1468.0,1468.0,1471.0,3.0,9.0,0.0,0.0,1468.0,1468.0,1471.0,3.0,0.0,0.0,0.0,0.0,0.0,0.0
4,5,45,8,1480.0,1480.0,1483.0,3.0,10.0,0.0,0.0,1480.0,1480.0,1483.0,3.0,0.0,0.0,0.0,0.0,0.0,0.0
4,5,46,9,1493.0,1493.0,1498.0,5.0,10.0,0.0,0.0,1493.0,1493.0,1498.0,5.0,0.0,0.0,0.0,0.0,0.0,0.0
4,5,45,10,1508.0,1508.0,1510.0,2.0,9.0,0.0,0.0,1508.0,1508.0,1510.0,2.0,0.0,0.0,0.0,0.0,0.0,0.0
4,5,47,11,1519.0,1519.0,1521.0,2.0,7.0,0.0,0.0,1519.0,1519.0,1521.0,2.0,0.0,0.0,0.0,0.0,0.0,0.0
4,5,48,12,1528.0,1528.0,1530.0,2.0,13.0,0.0,0.0,1528.0,1528.0,1530.0,2.0,0.0,0.0,0.0,0.0,0.0,0.0
4,5,49,13,1543.0,1543.0,1545.0,2.0,8.0,0.0,0.0,1543.0,1543.0,1545.0,2.0,0.0,0.0,0.0,0.0,0.0,0.0
4,5,37,14,1553.0,1553.0,1555.0,2.0,25.0,0.0,0.0,1553.0,1553.0,1555.0,2.0,0.0,0.0,0.0,0.0,0.0,0.0
4,5,36,15,1580.0,1580.0,1582.0,2.0,14.0,0.0,0.0,1580.0,1580.0,1582.0,2.0,0.0,0.0,0.0,0.0,0.0,0.0
4,5,15,16,1596.0,1596.0,1598.0,2.0,28.0,0.0,0.0,1596.0,1596.0,1598.0,2.0,0.0,0.0,0.0,0.0,0.0,0.0
4,5,4,17,1626.0,1626.0,1629.0,3.0,25.0,0.0,0.0,1626.0,1626.0,1629.0,3.0,0.0,0.0,0.0,0.0,0.0,0.0
4,6,22,0,1654.0,1654.0,1672.0,18.0,25.0,0.0,0.0,1654.0,1654.0,1672.0,18.0,0.0,0.0,0.0,0.0,0.0,0.0
4,6,4,1,1697.0,1715.0,1719.0,4.0,27.0,0.0,18.0,1697.0,1697.0,1701.0,4.0,0.0,0.0,-18.0,-18.0,0.0,-18.0
4,6,15,2,1746.0,1746.0,1749.0,3.0,15.0,0.0,0.0,1728.0,1728.0,1731.0,3.0,0.0,0.0,-18.0,-18.0,0.0,0.0
4,6,36,3,1764.0,1764.0,1766.0,2.0,24.0,0.0,0.0,1746.0,1746.0,1748.0,2.0,0.0,0.0,-18.0,-18.0,0.0,0.0
4,6,37,4,1790.0,1790.0,1793.0,3.0,8.0,0.0,0.0,1772.0,1773.0,1776.0,3.0,0.0,1.0,-17.0,-17.0,0.0,1.0
4,6,49,5,1801.0,1801.0,1803.0,2.0,12.0,0.0,0.0,1784.0,1784.0,1786.0,2.0,0.0,0.0,-17.0,-17.0,0.0,0.0
4,6,48,6,1815.0,1815.0,1820.0,5.0,7.0,0.0,0.0,1798.0,1798.0,1803.0,5.0,0.0,0.0,-17.0,-17.0,0.0,0.0
4,6,47,7,1827.0,1827.0,1830.0,3.0,9.0,0.0,0.0,1810.0,1810.0,1813.0,3.0,0.0,0.0,-17.0,-17.0,0.0,0.0
4,6,45,8,1839.0,1839.0,1844.0,5.0,10.0,0.0,0.0,1822.0,1822.0,1827.0,5.0,0.0,0.0,-17.0,-17.0,0.0,0.0
4,6,46,9,1854.0,1854.0,1857.0,3.0,13.0,0.0,0.0,1837.0,1837.0,1840.0,3.0,0.0,0.0,-17.0,-17.0,0.0,0.0
4,6,38,10,1870.0,1870.0,1874.0,4.0,13.0,0.0,0.0,1853.0,1853.0,1857.0,4.0,0.0,0.0,-17.0,-17.0,0.0,0.0
4,6,41,11,1887.0,1887.0,1889.0,2.0,10.0,0.0,0.0,1870.0,1870.0,1872.0,2.0,0.0,0.0,-17.0,-17.0,0.0,0.0
4,6,44,12,1899.0,1899.0,1901.0,2.0,7.0,0.0,0.0,1882.0,1882.0,1884.0,2.0,0.0,0.0,-17.0,-17.0,0.0,0.0
4,6,54,13,1908.0,1908.0,1910.0,2.0,7.0,0.0,0.0,1891.0,1891.0,1893.0,2.0,0.0,0.0,-17.0,-17.0,0.0,0.0
4,6,41,14,1917.0,1917.0,1919.0,2.0,13.0,0.0,0.0,1900.0,1900.0,1902.0,2.0,0.0,0.0,-17.0,-17.0,0.0,0.0
4,6,38,15,1932.0,1932.0,1935.0,3.0,13.0,0.0,0.0,1915.0,1915.0,1918.0,3.0,0.0,0.0,-17.0,-17.0,0.0,0.0
4,6,46,16,1948.0,1948.0,1950.0,2.0,11.0,0.0,0.0,1931.0,1931.0,1933.0,2.0,0.0,0.0,-17.0,-17.0,0.0,0.0
4,6,45,17,1961.0,1961.0,1963.0,2.0,9.0,0.0,0.0,1944.0,1944.0,1946.0,2.0,0.0,0.0,-17.0,-17.0,0.0,0.0
4,6,47,18,1972.0,1972.0,1974.0,2.0,7.0,0.0,0.0,1955.0,1955.0,1957.0,2.0,0.0,0.0,-17.0,-17.0,0.0,0.0
4,6,48,19,1981.0,1981.0,1984.0,3.0,13.0,0.0,0.0,1964.0,1964.0,1967.0,3.0,0.0,0.0,-17.0,-17.0,0.0,0.0
4,6,49,20,1997.0,1997.0,1999.0,2.0,8.0,0.0,0.0,1980.0,1980.0,1982.0,2.0,0.0,0.0,-17.0,-17.0,0.0,0.0
4,6,37,21,2007.0,2007.0,2009.0,2.0,25.0,0.0,0.0,1990.0,1990.0,1992.0,2.0,0.0,0.0,-17.0,-17.0,0.0,0.0
4,6,36,22,2034.0,2034.0,2037.0,3.0,14.0,0.0,0.0,2017.0,2017.0,2020.0,3.0,0.0,0.0,-17.0,-17.0,0.0,0.0
4,6,15,23,2051.0,2052.0,2055.0,3.0,28.0,0.0,1.0,2034.0,2034.0,2037.0,3.0,0.0,0.0,-18.0,-18.0,0.0,-1.0
4,6,4,24,2083.0,2083.0,2086.0,3.0,25.0,0.0,0.0,2065.0,2065.0,2068.0,3.0,0.0,0.0,-18.0,-18.0,0.0,0.0
4,7,22,0,2092.0,2092.0,2116.0,24.0,26.0,0.0,0.0,2092.0,2092.0,2116.0,24.0,0.0,0.0,0.0,0.0,0.0,0.0
5,1,4,0,281.0,281.0,309.0,28.0,29.0,0.0,0.0,281.0,281.0,309.0,28.0,0.0,0.0,0.0,0.0,0.0,0.0
5,1,7,1,338.0,338.0,340.0,2.0,23.0,0.0,0.0,338.0,338.0,340.0,2.0,0.0,0.0,0.0,0.0,0.0,0.0
5,1,8,2,363.0,363.0,365.0,2.0,8.0,0.0,0.0,363.0,363.0,365.0,2.0,0.0,0.0,0.0,0.0,0.0,0.0
5,1,14,3,373.0,373.0,375.0,2.0,20.0,0.0,0.0,373.0,373.0,375.0,2.0,0.0,0.0,0.0,0.0,0.0,0.0
5,1,15,4,395.0,395.0,400.0,5.0,23.0,0.0,0.0,395.0,395.0,400.0,5.0,0.0,0.0,0.0,0.0,0.0,0.0
5,1,36,5,423.0,423.0,425.0,2.0,9.0,0.0,0.0,423.0,423.0,425.0,2.0,0.0,0.0,0.0,0.0,0.0,0.0
5,1,1,6,434.0,434.0,436.0,2.0,24.0,0.0,0.0,434.0,434.0,436.0,2.0,0.0,0.0,0.0,0.0,0.0,0.0
5,1,67,7,460.0,460.0,462.0,2.0,11.0,0.0,0.0,460.0,460.0,462.0,2.0,0.0,0.0,0.0,0.0,0.0,0.0
5,1,37,8,473.0,478.0,482.0,4.0,33.0,0.0,5.0,473.0,473.0,477.0,4.0,0.0,0.0,-5.0,-5.0,0.0,-5.0
5,1,68,9,515.0,515.0,517.0,2.0,22.0,0.0,0.0,510.0,510.0,512.0,2.0,0.0,0.0,-5.0,-5.0,0.0,0.0
5,1,48,10,539.0,539.0,543.0,4.0,11.0,0.0,0.0,534.0,534.0,538.0,4.0,0.0,0.0,-5.0,-5.0,0.0,0.0
5,1,47,11,554.0,554.0,556.0,2.0,20.0,0.0,0.0,549.0,549.0,551.0,2.0,0.0,0.0,-5.0,-5.0,0.0,0.0
5,1,69,12,576.0,576.0,578.0,2.0,13.0,0.0,0.0,571.0,571.0,573.0,2.0,0.0,0.0,-5.0,-5.0,0.0,0.0
5,1,70,13,591.0,595.0,601.0,6.0,42.0,4.0,0.0,586.0,587.0,593.0,6.0,1.0,0.0,-8.0,-8.0,-3.0,0.0
5,1,71,14,643.0,652.0,675.0,23.0,40.0,9.0,0.0,635.0,635.0,658.0,23.0,0.0,0.0,-17.0,-17.0,-9.0,0.0
5,1,70,15,715.0,718.0,726.0,8.0,14.0,3.0,0.0,698.0,698.0,706.0,8.0,0.0,0.0,-20.0,-20.0,-3.0,0.0
5,1,69,16,740.0,744.0,746.0,2.0,18.0,4.0,0.0,720.0,720.0,722.0,2.0,0.0,0.0,-24.0,-24.0,-4.0,0.0
5,1,47,17,764.0,764.0,766.0,2.0,10.0,0.0,0.0,740.0,740.0,742.0,2.0,0.0,0.0,-24.0,-24.0,0.0,0.0
5,1,48,18,776.0,776.0,780.0,4.0,19.0,0.0,0.0,752.0,752.0,756.0,4.0,0.0,0.0,-24.0,-24.0,0.0,0.0
5,1,68,19,799.0,799.0,801.0,2.0,32.0,0.0,0.0,775.0,775.0,777.0,2.0,0.0,0.0,-24.0,-24.0,0.0,0.0
5,1,37,20,833.0,833.0,836.0,3.0,10.0,0.0,0.0,809.0,809.0,812.0,3.0,0.0,0.0,-24.0,-24.0,0.0,0.0
5,1,67,21,846.0,846.0,848.0,2.0,20.0,0.0,0.0,822.0,822.0,824.0,2.0,0.0,0.0,-24.0,-24.0,0.0,0.0
5,1,1,22,868.0,868.0,869.0,1.0,8.0,0.0,0.0,844.0,844.0,845.0,1.0,0.0,0.0,-24.0,-24.0,0.0,0.0
5,1,36,23,877.0,877.0,879.0,2.0,23.0,0.0,0.0,853.0,853.0,855.0,2.0,0.0,0.0,-24.0,-24.0,0.0,0.0
5,1,15,24,902.0,902.0,905.0,3.0,20.0,0.0,0.0,878.0,880.0,883.0,3.0,0.0,2.0,-22.0,-22.0,0.0,2.0
5,1,14,25,925.0,925.0,926.0,1.0,8.0,0.0,0.0,903.0,903.0,904.0,1.0,0.0,0.0,-22.0,-22.0,0.0,0.0
5,1,8,26,934.0,934.0,935.0,1.0,24.0,0.0,0.0,912.0,912.0,913.0,1.0,0.0,0.0,-22.0,-22.0,0.0,0.0
5,1,7,27,959.0,959.0,961.0,2.0,30.0,0.0,0.0,937.0,937.0,939.0,2.0,0.0,0.0,-22.0,-22.0,0.0,0.0
5,2,4,0,966.0,966.0,978.0,12.0,62.0,0.0,0.0,966.0,966.0,978.0,12.0,0.0,0.0,0.0,0.0,0.0,0.0
5,2,11,1,1040.0,1040.0,1044.0,4.0,53.0,0.0,0.0,1040.0,1040.0,1044.0,4.0,0.0,0.0,0.0,0.0,0.0,0.0
5,2,7,2,1097.0,1097.0,1100.0,3.0,22.0,0.0,0.0,1097.0,1097.0,1100.0,3.0,0.0,0.0,0.0,0.0,0.0,0.0
5,2,8,3,1122.0,1122.0,1124.0,2.0,8.0,0.0,0.0,1122.0,1122.0,1124.0,2.0,0.0,0.0,0.0,0.0,0.0,0.0
5,2,14,4,1132.0,1132.0,1134.0,2.0,21.0,0.0,0.0,1132.0,1132.0,1134.0,2.0,0.0,0.0,0.0,0.0,0.0,0.0
5,2,15,5,1155.0,1155.0,1157.0,2.0,22.0,0.0,0.0,1155.0,1155.0,1157.0,2.0,0.0,0.0,0.0,0.0,0.0,0.0
5,2,36,6,1179.0,1179.0,1181.0,2.0,8.0,0.0,0.0,1179.0,1179.0,1181.0,2.0,0.0,0.0,0.0,0.0,0.0,0.0
5,2,1,7,1189.0,1189.0,1191.0,2.0,21.0,0.0,0.0,1189.0,1189.0,1191.0,2.0,0.0,0.0,0.0,0.0,0.0,0.0
5,2,67,8,1212.0,1212.0,1214.0,2.0,10.0,0.0,0.0,1212.0,1212.0,1214.0,2.0,0.0,0.0,0.0,0.0,0.0,0.0
5,2,37,9,1224.0,1224.0,1227.0,3.0,33.0,0.0,0.0,1224.0,1224.0,1227.0,3.0,0.0,0.0,0.0,0.0,0.0,0.0
5,2,68,10,1260.0,1260.0,1262.0,2.0,19.0,0.0,0.0,1260.0,1260.0,1262.0,2.0,0.0,0.0,0.0,0.0,0.0,0.0
5,2,48,11,1281.0,1281.0,1285.0,4.0,11.0,0.0,0.0,1281.0,1281.0,1285.0,4.0,0.0,0.0,0.0,0.0,0.0,0.0
5,2,47,12,1296.0,1296.0,1299.0,3.0,19.0,0.0,0.0,1296.0,1296.0,1299.0,3.0,0.0,0.0,0.0,0.0,0.0,0.0
5,2,69,13,1318.0,1318.0,1320.0,2.0,12.0,0.0,0.0,1318.0,1318.0,1320.0,2.0,0.0,0.0,0.0,0.0,0.0,0.0
5,2,70,14,1332.0,1340.0,1344.0,4.0,45.0,8.0,0.0,1332.0,1340.0,1344.0,4.0,8.0,0.0,0.0,0.0,0.0,0.0
5,2,71,15,1389.0,1395.0,1406.0,11.0,39.0,6.0,0.0,1389.0,1395.0,1406.0,11.0,6.0,0.0,0.0,0.0,0.0,0.0
5,2,70,16,1445.0,1445.0,1447.0,2.0,12.0,0.0,0.0,1445.0,1445.0,1447.0,2.0,0.0,0.0,0.0,0.0,0.0,0.0
5,2,69,17,1459.0,1459.0,1461.0,2.0,18.0,0.0,0.0,1459.0,1459.0,1461.0,2.0,0.0,0.0,0.0,0.0,0.0,0.0
5,2,47,18,1479.0,1479.0,1481.0,2.0,10.0,0.0,0.0,1479.0,1479.0,1481.0,2.0,0.0,0.0,0.0,0.0,0.0,0.0
5,2,48,19,1491.0,1491.0,1495.0,4.0,19.0,0.0,0.0,1491.0,1491.0,1495.0,4.0,0.0,0.0,0.0,0.0,0.0,0.0
5,2,68,20,1514.0,1514.0,1516.0,2.0,32.0,0.0,0.0,1514.0,1514.0,1516.0,2.0,0.0,0.0,0.0,0.0,0.0,0.0
5,2,37,21,1548.0,1548.0,1551.0,3.0,10.0,0.0,0.0,1548.0,1548.0,1551.0,3.0,0.0,0.0,0.0,0.0,0.0,0.0
5,2,67,22,1561.0,1561.0,1563.0,2.0,20.0,0.0,0.0,1561.0,1561.0,1563.0,2.0,0.0,0.0,0.0,0.0,0.0,0.0
5,2,1,23,1583.0,1583.0,1584.0,1.0,8.0,0.0,0.0,1583.0,1583.0,1584.0,1.0,0.0,0.0,0.0,0.0,0.0,0.0
5,2,36,24,1592.0,1592.0,1594.0,2.0,23.0,0.0,0.0,1592.0,1592.0,1594.0,2.0,0.0,0.0,0.0,0.0,0.0,0.0
5,2,15,25,1617.0,1617.0,1621.0,4.0,19.0,0.0,0.0,1617.0,1617.0,1621.0,4.0,0.0,0.0,0.0,0.0,0.0,0.0
5,2,14,26,1640.0,1640.0,1641.0,1.0,8.0,0.0,0.0,1640.0,1640.0,1641.0,1.0,0.0,0.0,0.0,0.0,0.0,0.0
5,2,8,27,1649.0,1649.0,1650.0,1.0,24.0,0.0,0.0,1649.0,1649.0,1650.0,1.0,0.0,0.0,0.0,0.0,0.0,0.0
5,2,7,28,1674.0,1674.0,1676.0,2.0,30.0,0.0,0.0,1674.0,1674.0,1676.0,2.0,0.0,0.0,0.0,0.0,0.0,0.0
5,3,4,0,1692.0,1692.0,1715.0,23.0,28.0,0.0,0.0,1692.0,1701.0,1724.0,23.0,0.0,9.0,9.0,9.0,0.0,9.0
5,3,6,1,1743.0,1743.0,1746.0,3.0,25.0,0.0,0.0,1752.0,1752.0,1755.0,3.0,0.0,0.0,9.0,9.0,0.0,0.0
5,3,13,2,1771.0,1771.0,1787.0,16.0,39.0,0.0,0.0,1780.0,1780.0,1796.0,16.0,0.0,0.0,9.0,9.0,0.0,0.0
5,3,19,3,1826.0,1826.0,1829.0,3.0,32.0,0.0,0.0,1835.0,1835.0,1838.0,3.0,0.0,0.0,9.0,9.0,0.0,0.0
5,3,4,4,1861.0,1861.0,1865.0,4.0,27.0,0.0,0.0,1870.0,1887.0,1891.0,4.0,0.0,17.0,26.0,26.0,0.0,17.0
5,3,6,5,1892.0,1892.0,1895.0,3.0,25.0,0.0,0.0,1918.0,1918.0,1921.0,3.0,0.0,0.0,26.0,26.0,0.0,0.0
5,3,13,6,1920.0,1920.0,1924.0,4.0,34.0,0.0,0.0,1946.0,1946.0,1950.0,4.0,0.0,0.0,26.0,26.0,0.0,0.0
5,3,59,7,1958.0,1958.0,1979.0,21.0,31.0,0.0,0.0,1984.0,1984.0,2005.0,21.0,0.0,0.0,26.0,26.0,0.0,0.0
5,3,13,8,2010.0,2010.0,2013.0,3.0,25.0,0.0,0.0,2036.0,2036.0,2039.0,3.0,0.0,0.0,26.0,26.0,0.0,0.0
5,3,6,9,2038.0,2038.0,2040.0,2.0,24.0,0.0,0.0,2064.0,2064.0,2066.0,2.0,0.0,0.0,26.0,26.0,0.0,0.0
5,3,13,10,2064.0,2064.0,2072.0,8.0,25.0,0.0,0.0,2090.0,2090.0,2098.0,8.0,0.0,0.0,26.0,26.0,0.0,0.0
5,3,6,11,2097.0,2097.0,2099.0,2.0,27.0,0.0,0.0,2123.0,2123.0,2125.0,2.0,0.0,0.0,26.0,26.0,0.0,0.0
5,4,4,0,2126.0,2126.0,2184.0,58.0,28.0,0.0,0.0,2126.0,2126.0,2184.0,58.0,0.0,0.0,0.0,0.0,0.0,0.0
5,4,6,1,2212.0,2212.0,2215.0,3.0,25.0,0.0,0.0,2212.0,2212.0,2215.0,3.0,0.0,0.0,0.0,0.0,0.0,0.0
5,4,13,2,2240.0,2240.0,2243.0,3.0,25.0,0.0,0.0,2240.0,2240.0,2243.0,3.0,0.0,0.0,0.0,0.0,0.0,0.0
5,4,6,3,2268.0,2268.0,2271.0,3.0,25.0,0.0,0.0,2268.0,2268.0,2271.0,3.0,0.0,0.0,0.0,0.0,0.0,0.0
5,4,13,4,2296.0,2296.0,2305.0,9.0,38.0,0.0,0.0,2296.0,2296.0,2305.0,9.0,0.0,0.0,0.0,0.0,0.0,0.0
5,4,59,5,2343.0,2343.0,2364.0,21.0,31.0,0.0,0.0,2343.0,2343.0,2364.0,21.0,0.0,0.0,0.0,0.0,0.0,0.0
5,4,13,6,2395.0,2395.0,2400.0,5.0,28.0,0.0,0.0,2395.0,2395.0,2400.0,5.0,0.0,0.0,0.0,0.0,0.0,0.0
5,4,6,7,2428.0,2428.0,2432.0,4.0,27.0,0.0,0.0,2428.0,2428.0,2432.0,4.0,0.0,0.0,0.0,0.0,0.0,0.0
5,4,4,8,2459.0,2459.0,2463.0,4.0,28.0,0.0,0.0,2459.0,2459.0,2463.0,4.0,0.0,0.0,0.0,0.0,0.0,0.0
6,1,22,0,173.0,178.0,194.0,16.0,33.0,0.0,5.0,173.0,173.0,189.0,16.0,0.0,0.0,-5.0,-5.0,0.0,-5.0
6,1,60,1,227.0,227.0,230.0,3.0,24.0,0.0,0.0,222.0,222.0,225.0,3.0,0.0,0.0,-5.0,-5.0,0.0,0.0
6,1,62,2,254.0,254.0,263.0,9.0,26.0,0.0,0.0,249.0,249.0,258.0,9.0,0.0,0.0,-5.0,-5.0,0.0,0.0
6,1,60,3,289.0,289.0,292.0,3.0,33.0,0.0,0.0,284.0,284.0,287.0,3.0,0.0,0.0,-5.0,-5.0,0.0,0.0
6,2,22,0,320.0,320.0,328.0,8.0,25.0,0.0,0.0,320.0,320.0,328.0,8.0,0.0,0.0,0.0,0.0,0.0,0.0
6,2,4,1,353.0,353.0,356.0,3.0,30.0,0.0,0.0,353.0,353.0,356.0,3.0,0.0,0.0,0.0,0.0,0.0,0.0
6,2,15,2,386.0,386.0,390.0,4.0,15.0,0.0,0.0,386.0,386.0,390.0,4.0,0.0,0.0,0.0,0.0,0.0,0.0
6,2,36,3,405.0,405.0,408.0,3.0,25.0,0.0,0.0,405.0,405.0,408.0,3.0,0.0,0.0,0.0,0.0,0.0,0.0
6,2,43,4,433.0,433.0,435.0,2.0,5.0,0.0,0.0,433.0,433.0,435.0,2.0,0.0,0.0,0.0,0.0,0.0,0.0
6,2,37,5,440.0,440.0,444.0,4.0,22.0,0.0,0.0,440.0,440.0,444.0,4.0,0.0,0.0,0.0,0.0,0.0,0.0
6,2,52,6,466.0,466.0,468.0,2.0,2.0,0.0,0.0,466.0,466.0,468.0,2.0,0.0,0.0,0.0,0.0,0.0,0.0
6,2,72,7,470.0,470.0,472.0,2.0,9.0,0.0,0.0,470.0,470.0,472.0,2.0,0.0,0.0,0.0,0.0,0.0,0.0
6,2,51,8,481.0,481.0,485.0,4.0,9.0,0.0,0.0,481.0,481.0,485.0,4.0,0.0,0.0,0.0,0.0,0.0,0.0
6,2,72,9,494.0,494.0,496.0,2.0,2.0,0.0,0.0,494.0,494.0,496.0,2.0,0.0,0.0,0.0,0.0,0.0,0.0
6,2,52,10,498.0,498.0,500.0,2.0,21.0,0.0,0.0,498.0,498.0,500.0,2.0,0.0,0.0,0.0,0.0,0.0,0.0
6,2,37,11,521.0,521.0,526.0,5.0,5.0,0.0,0.0,521.0,521.0,526.0,5.0,0.0,0.0,0.0,0.0,0.0,0.0
6,2,43,12,531.0,531.0,533.0,2.0,25.0,0.0,0.0,531.0,531.0,533.0,2.0,0.0,0.0,0.0,0.0,0.0,0.0
6,2,36,13,558.0,558.0,560.0,2.0,16.0,0.0,0.0,558.0,558.0,560.0,2.0,0.0,0.0,0.0,0.0,0.0,0.0
6,2,15,14,576.0,576.0,579.0,3.0,31.0,0.0,0.0,576.0,576.0,579.0,3.0,0.0,0.0,0.0,0.0,0.0,0.0
6,2,4,15,610.0,610.0,614.0,4.0,26.0,0.0,0.0,610.0,610.0,614.0,4.0,0.0,0.0,0.0,0.0,0.0,0.0
6,3,22,0,640.0,640.0,680.0,40.0,26.0,0.0,0.0,640.0,667.0,707.0,40.0,0.0,27.0,27.0,27.0,0.0,27.0
6,3,4,1,706.0,706.0,710.0,4.0,31.0,0.0,0.0,733.0,733.0,737.0,4.0,0.0,0.0,27.0,27.0,0.0,0.0
6,3,15,2,741.0,741.0,744.0,3.0,16.0,0.0,0.0,768.0,768.0,771.0,3.0,0.0,0.0,27.0,27.0,0.0,0.0
6,3,36,3,760.0,760.0,762.0,2.0,25.0,0.0,0.0,787.0,787.0,789.0,2.0,0.0,0.0,27.0,27.0,0.0,0.0
6,3,43,4,787.0,787.0,789.0,2.0,5.0,0.0,0.0,814.0,814.0,816.0,2.0,0.0,0.0,27.0,27.0,0.0,0.0
6,3,37,5,794.0,796.0,802.0,6.0,5.0,0.0,2.0,821.0,821.0,827.0,6.0,0.0,0.0,25.0,25.0,0.0,-2.0
6,3,43,6,807.0,807.0,809.0,2.0,25.0,0.0,0.0,832.0,832.0,834.0,2.0,0.0,0.0,25.0,25.0,0.0,0.0
6,3,36,7,834.0,834.0,837.0,3.0,15.0,0.0,0.0,859.0,859.0,862.0,3.0,0.0,0.0,25.0,25.0,0.0,0.0
6,3,15,8,852.0,852.0,855.0,3.0,31.0,0.0,0.0,877.0,877.0,880.0,3.0,0.0,0.0,25.0,25.0,0.0,0.0
6,3,4,9,886.0,886.0,890.0,4.0,29.0,0.0,0.0,911.0,911.0,915.0,4.0,0.0,0.0,25.0,25.0,0.0,0.0
6,4,21,0,917.0,1224.0,1997.0,773.0,25.0,0.0,307.0,917.0,1224.0,1997.0,773.0,0.0,307.0,0.0,0.0,0.0,0.0
6,4,4,1,2022.0,2022.0,2025.0,3.0,30.0,0.0,0.0,2022.0,2022.0,2025.0,3.0,0.0,0.0,0.0,0.0,0.0,0.0
6,4,15,2,2055.0,2055.0,2059.0,4.0,15.0,0.0,0.0,2055.0,2055.0,2059.0,4.0,0.0,0.0,0.0,0.0,0.0,0.0
6,4,36,3,2074.0,2074.0,2077.0,3.0,25.0,0.0,0.0,2074.0,2074.0,2077.0,3.0,0.0,0.0,0.0,0.0,0.0,0.0
6,4,43,4,2102.0,2102.0,2104.0,2.0,5.0,0.0,0.0,2102.0,2102.0,2104.0,2.0,0.0,0.0,0.0,0.0,0.0,0.0
6,4,37,5,2109.0,2110.0,2114.0,4.0,22.0,0.0,1.0,2109.0,2110.0,2114.0,4.0,0.0,1.0,0.0,0.0,0.0,0.0
6,4,52,6,2136.0,2136.0,2139.0,3.0,21.0,0.0,0.0,2136.0,2136.0,2139.0,3.0,0.0,0.0,0.0,0.0,0.0,0.0
6,4,37,7,2160.0,2160.0,2164.0,4.0,6.0,0.0,0.0,2160.0,2160.0,2164.0,4.0,0.0,0.0,0.0,0.0,0.0,0.0
6,4,43,8,2170.0,2170.0,2172.0,2.0,26.0,0.0,0.0,2170.0,2170.0,2172.0,2.0,0.0,0.0,0.0,0.0,0.0,0.0
6,4,36,9,2198.0,2198.0,2200.0,2.0,16.0,0.0,0.0,2198.0,2198.0,2200.0,2.0,0.0,0.0,0.0,0.0,0.0,0.0
6,4,15,10,2216.0,2216.0,2218.0,2.0,31.0,0.0,0.0,2216.0,2216.0,2218.0,2.0,0.0,0.0,0.0,0.0,0.0,0.0
6,4,4,11,2249.0,2249.0,2251.0,2.0,26.0,0.0,0.0,2249.0,2249.0,2251.0,2.0,0.0,0.0,0.0,0.0,0.0,0.0
6,5,22,0,1969.0,1969.0,1983.0,14.0,32.0,0.0,0.0,1969.0,1969.0,1983.0,14.0,0.0,0.0,0.0,0.0,0.0,0.0
6,5,24,1,2015.0,2015.0,2017.0,2.0,5.0,0.0,0.0,2015.0,2015.0,2017.0,2.0,0.0,0.0,0.0,0.0,0.0,0.0
6,5,60,2,2022.0,2022.0,2026.0,4.0,22.0,0.0,0.0,2022.0,2022.0,2026.0,4.0,0.0,0.0,0.0,0.0,0.0,0.0
6,5,62,3,2048.0,2048.0,2055.0,7.0,22.0,0.0,0.0,2048.0,2048.0,2055.0,7.0,0.0,0.0,0.0,0.0,0.0,0.0
6,5,60,4,2077.0,2077.0,2083.0,6.0,4.0,0.0,0.0,2077.0,2077.0,2083.0,6.0,0.0,0.0,0.0,0.0,0.0,0.0
6,5,24,5,2087.0,2087.0,2089.0,2.0,30.0,0.0,0.0,2087.0,2087.0,2089.0,2.0,0.0,0.0,0.0,0.0,0.0,0.0
6,6,22,0,2119.0,2119.0,2134.0,15.0,26.0,0.0,0.0,2119.0,2119.0,2134.0,15.0,0.0,0.0,0.0,0.0,0.0,0.0
6,6,4,1,2160.0,2184.0,2188.0,4.0,31.0,0.0,24.0,2160.0,2184.0,2188.0,4.0,0.0,24.0,0.0,0.0,0.0,0.0
6,6,15,2,2219.0,2219.0,2222.0,3.0,15.0,0.0,0.0,2219.0,2219.0,2222.0,3.0,0.0,0.0,0.0,0.0,0.0,0.0
6,6,36,3,2237.0,2237.0,2239.0,2.0,25.0,0.0,0.0,2237.0,2237.0,2239.0,2.0,0.0,0.0,0.0,0.0,0.0,0.0
6,6,43,4,2264.0,2264.0,2266.0,2.0,5.0,0.0,0.0,2264.0,2264.0,2266.0,2.0,0.0,0.0,0.0,0.0,0.0,0.0
6,6,37,5,2271.0,2271.0,2275.0,4.0,21.0,0.0,0.0,2271.0,2271.0,2275.0,4.0,0.0,0.0,0.0,0.0,0.0,0.0
6,6,52,6,2296.0,2296.0,2298.0,2.0,2.0,0.0,0.0,2296.0,2296.0,2298.0,2.0,0.0,0.0,0.0,0.0,0.0,0.0
6,6,72,7,2300.0,2300.0,2302.0,2.0,10.0,0.0,0.0,2300.0,2300.0,2302.0,2.0,0.0,0.0,0.0,0.0,0.0,0.0
6,6,51,8,2312.0,2312.0,2316.0,4.0,10.0,0.0,0.0,2312.0,2312.0,2316.0,4.0,0.0,0.0,0.0,0.0,0.0,0.0
6,6,72,9,2326.0,2326.0,2328.0,2.0,2.0,0.0,0.0,2326.0,2326.0,2328.0,2.0,0.0,0.0,0.0,0.0,0.0,0.0
6,6,52,10,2330.0,2330.0,2332.0,2.0,21.0,0.0,0.0,2330.0,2330.0,2332.0,2.0,0.0,0.0,0.0,0.0,0.0,0.0
6,6,37,11,2353.0,2353.0,2356.0,3.0,6.0,0.0,0.0,2353.0,2353.0,2356.0,3.0,0.0,0.0,0.0,0.0,0.0,0.0
6,6,43,12,2362.0,2362.0,2364.0,2.0,25.0,0.0,0.0,2362.0,2362.0,2364.0,2.0,0.0,0.0,0.0,0.0,0.0,0.0
6,6,36,13,2389.0,2389.0,2391.0,2.0,16.0,0.0,0.0,2389.0,2389.0,2391.0,2.0,0.0,0.0,0.0,0.0,0.0,0.0
6,6,15,14,2407.0,2407.0,2410.0,3.0,31.0,0.0,0.0,2407.0,2407.0,2410.0,3.0,0.0,0.0,0.0,0.0,0.0,0.0
6,6,4,15,2441.0,2441.0,2443.0,2.0,26.0,0.0,0.0,2441.0,2441.0,2443.0,2.0,0.0,0.0,0.0,0.0,0.0,0.0
6,7,22,0,2445.0,2445.0,2455.0,10.0,25.0,0.0,0.0,2445.0,2445.0,2455.0,10.0,0.0,0.0,0.0,0.0,0.0,0.0
6,7,4,1,2480.0,2480.0,2484.0,4.0,30.0,0.0,0.0,2480.0,2480.0,2484.0,4.0,0.0,0.0,0.0,0.0,0.0,0.0
6,7,15,2,2514.0,2514.0,2517.0,3.0,15.0,0.0,0.0,2514.0,2514.0,2517.0,3.0,0.0,0.0,0.0,0.0,0.0,0.0
6,7,36,3,2532.0,2532.0,2535.0,3.0,25.0,0.0,0.0,2532.0,2532.0,2535.0,3.0,0.0,0.0,0.0,0.0,0.0,0.0
6,7,43,4,2560.0,2560.0,2562.0,2.0,5.0,0.0,0.0,2560.0,2560.0,2562.0,2.0,0.0,0.0,0.0,0.0,0.0,0.0
6,7,37,5,2567.0,2567.0,2570.0,3.0,21.0,0.0,0.0,2567.0,2567.0,2570.0,3.0,0.0,0.0,0.0,0.0,0.0,0.0
6,7,52,6,2591.0,2591.0,2593.0,2.0,2.0,0.0,0.0,2591.0,2591.0,2593.0,2.0,0.0,0.0,0.0,0.0,0.0,0.0
6,7,72,7,2595.0,2595.0,2597.0,2.0,11.0,0.0,0.0,2595.0,2595.0,2597.0,2.0,0.0,0.0,0.0,0.0,0.0,0.0
6,7,51,8,2608.0,2608.0,2627.0,19.0,10.0,0.0,0.0,2608.0,2608.0,2627.0,19.0,0.0,0.0,0.0,0.0,0.0,0.0
7,1,37,0,36.0,36.0,64.0,28.0,14.0,0.0,0.0,36.0,36.0,64.0,28.0,0.0,0.0,0.0,0.0,0.0,0.0
7,1,49,1,78.0,78.0,88.0,10.0,14.0,0.0,0.0,78.0,78.0,88.0,10.0,0.0,0.0,0.0,0.0,0.0,0.0
7,1,37,2,102.0,102.0,116.0,14.0,10.0,0.0,0.0,102.0,102.0,116.0,14.0,0.0,0.0,0.0,0.0,0.0,0.0
7,1,67,3,126.0,126.0,128.0,2.0,10.0,0.0,0.0,126.0,126.0,128.0,2.0,0.0,0.0,0.0,0.0,0.0,0.0
7,1,37,4,138.0,138.0,168.0,30.0,14.0,0.0,0.0,138.0,160.0,190.0,30.0,0.0,22.0,22.0,22.0,0.0,22.0
7,1,49,5,182.0,182.0,184.0,2.0,27.0,0.0,0.0,204.0,204.0,206.0,2.0,0.0,0.0,22.0,22.0,0.0,0.0
7,1,68,6,211.0,211.0,216.0,5.0,29.0,0.0,0.0,233.0,233.0,238.0,5.0,0.0,0.0,22.0,22.0,0.0,0.0
7,1,49,7,245.0,245.0,247.0,2.0,14.0,0.0,0.0,267.0,267.0,269.0,2.0,0.0,0.0,22.0,22.0,0.0,0.0
7,1,37,8,261.0,261.0,281.0,20.0,14.0,0.0,0.0,283.0,283.0,303.0,20.0,0.0,0.0,22.0,22.0,0.0,0.0
7,1,49,9,295.0,295.0,297.0,2.0,27.0,0.0,0.0,317.0,317.0,319.0,2.0,0.0,0.0,22.0,22.0,0.0,0.0
7,1,68,10,324.0,324.0,328.0,4.0,28.0,0.0,0.0,346.0,346.0,350.0,4.0,0.0,0.0,22.0,22.0,0.0,0.0
7,1,49,11,356.0,356.0,358.0,2.0,14.0,0.0,0.0,378.0,378.0,380.0,2.0,0.0,0.0,22.0,22.0,0.0,0.0
7,2,37,0,372.0,372.0,400.0,28.0,14.0,0.0,0.0,372.0,372.0,400.0,28.0,0.0,0.0,0.0,0.0,0.0,0.0
7,2,49,1,414.0,414.0,448.0,34.0,14.0,0.0,0.0,414.0,414.0,448.0,34.0,0.0,0.0,0.0,0.0,0.0,0.0
7,2,37,2,462.0,464.0,478.0,14.0,10.0,0.0,2.0,462.0,477.0,491.0,14.0,0.0,15.0,13.0,13.0,0.0,13.0
7,2,67,3,488.0,488.0,490.0,2.0,10.0,0.0,0.0,501.0,501.0,503.0,2.0,0.0,0.0,13.0,13.0,0.0,0.0
7,2,37,4,500.0,500.0,506.0,6.0,14.0,0.0,0.0,513.0,513.0,519.0,6.0,0.0,0.0,13.0,13.0,0.0,0.0
7,2,49,5,520.0,520.0,522.0,2.0,27.0,0.0,0.0,533.0,533.0,535.0,2.0,0.0,0.0,13.0,13.0,0.0,0.0
7,2,68,6,549.0,549.0,554.0,5.0,29.0,0.0,0.0,562.0,562.0,567.0,5.0,0.0,0.0,13.0,13.0,0.0,0.0
7,2,49,7,583.0,583.0,585.0,2.0,14.0,0.0,0.0,596.0,596.0,598.0,2.0,0.0,0.0,13.0,13.0,0.0,0.0
7,2,37,8,599.0,600.0,620.0,20.0,14.0,0.0,1.0,612.0,612.0,632.0,20.0,0.0,0.0,12.0,12.0,0.0,-1.0
7,2,49,9,634.0,634.0,636.0,2.0,27.0,0.0,0.0,646.0,646.0,648.0,2.0,0.0,0.0,12.0,12.0,0.0,0.0
7,2,68,10,663.0,663.0,667.0,4.0,28.0,0.0,0.0,675.0,675.0,679.0,4.0,0.0,0.0,12.0,12.0,0.0,0.0
8,1,51,0,161.0,161.0,208.0,47.0,22.0,0.0,0.0,161.0,161.0,208.0,47.0,0.0,0.0,0.0,0.0,0.0,0.0
8,1,52,1,230.0,230.0,233.0,3.0,13.0,0.0,0.0,230.0,230.0,233.0,3.0,0.0,0.0,0.0,0.0,0.0,0.0
8,1,73,2,246.0,246.0,248.0,2.0,22.0,0.0,0.0,246.0,246.0,248.0,2.0,0.0,0.0,0.0,0.0,0.0,0.0
8,1,74,3,270.0,270.0,272.0,2.0,14.0,0.0,0.0,270.0,270.0,272.0,2.0,0.0,0.0,0.0,0.0,0.0,0.0
8,1,43,4,286.0,286.0,287.0,1.0,10.0,0.0,0.0,286.0,286.0,287.0,1.0,0.0,0.0,0.0,0.0,0.0,0.0
8,1,37,5,297.0,297.0,301.0,4.0,16.0,0.0,0.0,297.0,305.0,309.0,4.0,0.0,8.0,8.0,8.0,0.0,8.0
8,1,49,6,317.0,317.0,319.0,2.0,10.0,0.0,0.0,325.0,325.0,327.0,2.0,0.0,0.0,8.0,8.0,0.0,0.0
8,1,75,7,329.0,329.0,331.0,2.0,12.0,0.0,0.0,337.0,337.0,339.0,2.0,0.0,0.0,8.0,8.0,0.0,0.0
8,1,46,8,343.0,343.0,352.0,9.0,13.0,0.0,0.0,351.0,351.0,360.0,9.0,0.0,0.0,8.0,8.0,0.0,0.0
8,1,75,9,365.0,365.0,367.0,2.0,10.0,0.0,0.0,373.0,373.0,375.0,2.0,0.0,0.0,8.0,8.0,0.0,0.0
8,1,49,10,377.0,377.0,379.0,2.0,18.0,0.0,0.0,385.0,385.0,387.0,2.0,0.0,0.0,8.0,8.0,0.0,0.0
8,1,37,11,397.0,400.0,411.0,11.0,12.0,0.0,3.0,405.0,405.0,416.0,11.0,0.0,0.0,5.0,5.0,0.0,-3.0
8,1,43,12,423.0,423.0,427.0,4.0,14.0,0.0,0.0,428.0,428.0,432.0,4.0,0.0,0.0,5.0,5.0,0.0,0.0
8,1,74,13,441.0,441.0,443.0,2.0,21.0,0.0,0.0,446.0,446.0,448.0,2.0,0.0,0.0,5.0,5.0,0.0,0.0
8,1,73,14,464.0,464.0,466.0,2.0,13.0,0.0,0.0,469.0,469.0,471.0,2.0,0.0,0.0,5.0,5.0,0.0,0.0
8,1,52,15,479.0,480.0,482.0,2.0,19.0,0.0,1.0,484.0,484.0,486.0,2.0,0.0,0.0,4.0,4.0,0.0,-1.0
8,2,51,0,497.0,499.0,546.0,47.0,21.0,0.0,2.0,497.0,497.0,544.0,47.0,0.0,0.0,-2.0,-2.0,0.0,-2.0
8,2,52,1,567.0,567.0,570.0,3.0,13.0,0.0,0.0,565.0,565.0,568.0,3.0,0.0,0.0,-2.0,-2.0,0.0,0.0
8,2,73,2,583.0,583.0,585.0,2.0,23.0,0.0,0.0,581.0,581.0,583.0,2.0,0.0,0.0,-2.0,-2.0,0.0,0.0
8,2,74,3,608.0,608.0,610.0,2.0,14.0,0.0,0.0,606.0,606.0,608.0,2.0,0.0,0.0,-2.0,-2.0,0.0,0.0
8,2,43,4,624.0,624.0,625.0,1.0,10.0,0.0,0.0,622.0,622.0,623.0,1.0,0.0,0.0,-2.0,-2.0,0.0,0.0
8,2,37,5,635.0,635.0,639.0,4.0,16.0,0.0,0.0,633.0,633.0,637.0,4.0,0.0,0.0,-2.0,-2.0,0.0,0.0
8,2,49,6,655.0,655.0,657.0,2.0,10.0,0.0,0.0,653.0,653.0,655.0,2.0,0.0,0.0,-2.0,-2.0,0.0,0.0
8,2,75,7,667.0,667.0,669.0,2.0,12.0,0.0,0.0,665.0,665.0,667.0,2.0,0.0,0.0,-2.0,-2.0,0.0,0.0
8,2,46,8,681.0,681.0,690.0,9.0,13.0,0.0,0.0,679.0,679.0,688.0,9.0,0.0,0.0,-2.0,-2.0,0.0,0.0
8,2,75,9,703.0,703.0,705.0,2.0,10.0,0.0,0.0,701.0,701.0,703.0,2.0,0.0,0.0,-2.0,-2.0,0.0,0.0
8,2,49,10,715.0,715.0,717.0,2.0,18.0,0.0,0.0,713.0,713.0,715.0,2.0,0.0,0.0,-2.0,-2.0,0.0,0.0
8,2,37,11,735.0,735.0,746.0,11.0,11.0,0.0,0.0,733.0,733.0,744.0,11.0,0.0,0.0,-2.0,-2.0,0.0,0.0
8,2,43,12,757.0,757.0,762.0,5.0,14.0,0.0,0.0,755.0,755.0,760.0,5.0,0.0,0.0,-2.0,-2.0,0.0,0.0
8,2,74,13,776.0,776.0,778.0,2.0,21.0,0.0,0.0,774.0,774.0,776.0,2.0,0.0,0.0,-2.0,-2.0,0.0,0.0
8,2,73,14,799.0,799.0,801.0,2.0,12.0,0.0,0.0,797.0,797.0,799.0,2.0,0.0,0.0,-2.0,-2.0,0.0,0.0
8,2,52,15,813.0,813.0,815.0,2.0,20.0,0.0,0.0,811.0,811.0,813.0,2.0,0.0,0.0,-2.0,-2.0,0.0,0.0
8,3,51,0,833.0,833.0,880.0,47.0,21.0,0.0,0.0,833.0,845.0,892.0,47.0,0.0,12.0,12.0,12.0,0.0,12.0
8,3,52,1,901.0,901.0,904.0,3.0,13.0,0.0,0.0,913.0,913.0,916.0,3.0,0.0,0.0,12.0,12.0,0.0,0.0
8,3,73,2,917.0,917.0,919.0,2.0,23.0,0.0,0.0,929.0,929.0,931.0,2.0,0.0,0.0,12.0,12.0,0.0,0.0
8,3,74,3,942.0,942.0,944.0,2.0,14.0,0.0,0.0,954.0,954.0,956.0,2.0,0.0,0.0,12.0,12.0,0.0,0.0
8,3,43,4,958.0,958.0,959.0,1.0,10.0,0.0,0.0,970.0,970.0,971.0,1.0,0.0,0.0,12.0,12.0,0.0,0.0
8,3,37,5,969.0,969.0,973.0,4.0,16.0,0.0,0.0,981.0,981.0,985.0,4.0,0.0,0.0,12.0,12.0,0.0,0.0
8,3,49,6,989.0,989.0,991.0,2.0,10.0,0.0,0.0,1001.0,1001.0,1003.0,2.0,0.0,0.0,12.0,12.0,0.0,0.0
8,3,75,7,1001.0,1001.0,1003.0,2.0,12.0,0.0,0.0,1013.0,1013.0,1015.0,2.0,0.0,0.0,12.0,12.0,0.0,0.0
8,3,46,8,1015.0,1015.0,1024.0,9.0,13.0,0.0,0.0,1027.0,1027.0,1036.0,9.0,0.0,0.0,12.0,12.0,0.0,0.0
8,3,75,9,1037.0,1037.0,1039.0,2.0,10.0,0.0,0.0,1049.0,1049.0,1051.0,2.0,0.0,0.0,12.0,12.0,0.0,0.0
8,3,49,10,1049.0,1049.0,1051.0,2.0,18.0,0.0,0.0,1061.0,1061.0,1063.0,2.0,0.0,0.0,12.0,12.0,0.0,0.0
8,3,37,11,1069.0,1069.0,1080.0,11.0,11.0,0.0,0.0,1081.0,1081.0,1092.0,11.0,0.0,0.0,12.0,12.0,0.0,0.0
8,3,43,12,1091.0,1091.0,1096.0,5.0,14.0,0.0,0.0,1103.0,1103.0,1108.0,5.0,0.0,0.0,12.0,12.0,0.0,0.0
8,3,74,13,1110.0,1110.0,1112.0,2.0,21.0,0.0,0.0,1122.0,1122.0,1124.0,2.0,0.0,0.0,12.0,12.0,0.0,0.0
8,3,73,14,1133.0,1133.0,1135.0,2.0,12.0,0.0,0.0,1145.0,1145.0,1147.0,2.0,0.0,0.0,12.0,12.0,0.0,0.0
8,3,52,15,1147.0,1147.0,1149.0,2.0,20.0,0.0,0.0,1159.0,1159.0,1161.0,2.0,0.0,0.0,12.0,12.0,0.0,0.0
8,4,51,0,1169.0,1169.0,1216.0,47.0,21.0,0.0,0.0,1169.0,1169.0,1216.0,47.0,0.0,0.0,0.0,0.0,0.0,0.0
8,4,52,1,1237.0,1237.0,1240.0,3.0,13.0,0.0,0.0,1237.0,1237.0,1240.0,3.0,0.0,0.0,0.0,0.0,0.0,0.0
8,4,73,2,1253.0,1253.0,1255.0,2.0,23.0,0.0,0.0,1253.0,1253.0,1255.0,2.0,0.0,0.0,0.0,0.0,0.0,0.0
8,4,74,3,1278.0,1278.0,1280.0,2.0,14.0,0.0,0.0,1278.0,1278.0,1280.0,2.0,0.0,0.0,0.0,0.0,0.0,0.0
8,4,43,4,1294.0,1294.0,1295.0,1.0,10.0,0.0,0.0,1294.0,1294.0,1295.0,1.0,0.0,0.0,0.0,0.0,0.0,0.0
8,4,37,5,1305.0,1305.0,1309.0,4.0,16.0,0.0,0.0,1305.0,1305.0,1309.0,4.0,0.0,0.0,0.0,0.0,0.0,0.0
8,4,49,6,1325.0,1325.0,1327.0,2.0,10.0,0.0,0.0,1325.0,1325.0,1327.0,2.0,0.0,0.0,0.0,0.0,0.0,0.0
8,4,75,7,1337.0,1337.0,1339.0,2.0,12.0,0.0,0.0,1337.0,1337.0,1339.0,2.0,0.0,0.0,0.0,0.0,0.0,0.0
8,4,46,8,1351.0,1351.0,1360.0,9.0,13.0,0.0,0.0,1351.0,1351.0,1360.0,9.0,0.0,0.0,0.0,0.0,0.0,0.0
8,4,75,9,1373.0,1373.0,1375.0,2.0,10.0,0.0,0.0,1373.0,1373.0,1375.0,2.0,0.0,0.0,0.0,0.0,0.0,0.0
8,4,49,10,1385.0,1385.0,1387.0,2.0,18.0,0.0,0.0,1385.0,1385.0,1387.0,2.0,0.0,0.0,0.0,0.0,0.0,0.0
8,4,37,11,1405.0,1406.0,1417.0,11.0,11.0,0.0,1.0,1405.0,1406.0,1417.0,11.0,0.0,1.0,0.0,0.0,0.0,0.0
8,4,43,12,1428.0,1428.0,1433.0,5.0,14.0,0.0,0.0,1428.0,1428.0,1433.0,5.0,0.0,0.0,0.0,0.0,0.0,0.0
8,4,74,13,1447.0,1447.0,1449.0,2.0,21.0,0.0,0.0,1447.0,1447.0,1449.0,2.0,0.0,0.0,0.0,0.0,0.0,0.0
8,4,73,14,1470.0,1470.0,1472.0,2.0,12.0,0.0,0.0,1470.0,1470.0,1472.0,2.0,0.0,0.0,0.0,0.0,0.0,0.0
8,4,52,15,1484.0,1484.0,1486.0,2.0,20.0,0.0,0.0,1484.0,1484.0,1486.0,2.0,0.0,0.0,0.0,0.0,0.0,0.0
8,5,51,0,1505.0,1505.0,1526.0,21.0,22.0,0.0,0.0,1505.0,1505.0,1526.0,21.0,0.0,0.0,0.0,0.0,0.0,0.0
8,5,52,1,1548.0,1548.0,1552.0,4.0,13.0,0.0,0.0,1548.0,1548.0,1552.0,4.0,0.0,0.0,0.0,0.0,0.0,0.0
8,5,73,2,1565.0,1565.0,1567.0,2.0,23.0,0.0,0.0,1565.0,1565.0,1567.0,2.0,0.0,0.0,0.0,0.0,0.0,0.0
8,5,74,3,1590.0,1590.0,1592.0,2.0,15.0,0.0,0.0,1590.0,1590.0,1592.0,2.0,0.0,0.0,0.0,0.0,0.0,0.0
8,5,43,4,1607.0,1607.0,1609.0,2.0,10.0,0.0,0.0,1607.0,1607.0,1609.0,2.0,0.0,0.0,0.0,0.0,0.0,0.0
8,5,37,5,1619.0,1619.0,1623.0,4.0,16.0,0.0,0.0,1619.0,1619.0,1623.0,4.0,0.0,0.0,0.0,0.0,0.0,0.0
8,5,49,6,1639.0,1639.0,1651.0,12.0,18.0,0.0,0.0,1639.0,1639.0,1651.0,12.0,0.0,0.0,0.0,0.0,0.0,0.0
8,5,37,7,1669.0,1669.0,1680.0,11.0,11.0,0.0,0.0,1669.0,1669.0,1680.0,11.0,0.0,0.0,0.0,0.0,0.0,0.0
8,5,43,8,1691.0,1691.0,1696.0,5.0,14.0,0.0,0.0,1691.0,1691.0,1696.0,5.0,0.0,0.0,0.0,0.0,0.0,0.0
8,5,74,9,1710.0,1710.0,1712.0,2.0,21.0,0.0,0.0,1710.0,1710.0,1712.0,2.0,0.0,0.0,0.0,0.0,0.0,0.0
8,5,73,10,1733.0,1733.0,1735.0,2.0,12.0,0.0,0.0,1733.0,1733.0,1735.0,2.0,0.0,0.0,0.0,0.0,0.0,0.0
8,5,52,11,1747.0,1747.0,1749.0,2.0,20.0,0.0,0.0,1747.0,1747.0,1749.0,2.0,0.0,0.0,0.0,0.0,0.0,0.0
8,6,51,0,1769.0,1769.0,1791.0,22.0,21.0,0.0,0.0,1769.0,1806.0,1828.0,22.0,0.0,37.0,37.0,37.0,0.0,37.0
9,1,4,0,153.0,153.0,171.0,18.0,31.0,0.0,0.0,153.0,153.0,171.0,18.0,0.0,0.0,0.0,0.0,0.0,0.0
9,1,15,1,202.0,202.0,204.0,2.0,16.0,0.0,0.0,202.0,202.0,204.0,2.0,0.0,0.0,0.0,0.0,0.0,0.0
9,1,36,2,220.0,220.0,223.0,3.0,17.0,0.0,0.0,220.0,220.0,223.0,3.0,0.0,0.0,0.0,0.0,0.0,0.0
9,1,76,3,240.0,240.0,241.0,1.0,16.0,0.0,0.0,240.0,240.0,241.0,1.0,0.0,0.0,0.0,0.0,0.0,0.0
9,1,51,4,257.0,257.0,259.0,2.0,10.0,0.0,0.0,257.0,257.0,259.0,2.0,0.0,0.0,0.0,0.0,0.0,0.0
9,1,52,5,269.0,269.0,271.0,2.0,22.0,0.0,0.0,269.0,269.0,271.0,2.0,0.0,0.0,0.0,0.0,0.0,0.0
9,1,37,6,293.0,293.0,295.0,2.0,22.0,0.0,0.0,293.0,303.0,305.0,2.0,0.0,10.0,10.0,10.0,0.0,10.0
9,1,38,7,317.0,317.0,319.0,2.0,14.0,0.0,0.0,327.0,327.0,329.0,2.0,0.0,0.0,10.0,10.0,0.0,0.0
9,1,41,8,333.0,333.0,335.0,2.0,10.0,0.0,0.0,343.0,343.0,345.0,2.0,0.0,0.0,10.0,10.0,0.0,0.0
9,1,42,9,345.0,345.0,347.0,2.0,21.0,0.0,0.0,355.0,355.0,357.0,2.0,0.0,0.0,10.0,10.0,0.0,0.0
9,1,40,10,368.0,368.0,373.0,5.0,24.0,0.0,0.0,378.0,378.0,383.0,5.0,0.0,0.0,10.0,10.0,0.0,0.0
9,1,42,11,397.0,397.0,399.0,2.0,10.0,0.0,0.0,407.0,407.0,409.0,2.0,0.0,0.0,10.0,10.0,0.0,0.0
9,1,41,12,409.0,409.0,411.0,2.0,15.0,0.0,0.0,419.0,419.0,421.0,2.0,0.0,0.0,10.0,10.0,0.0,0.0
9,1,38,13,426.0,426.0,428.0,2.0,15.0,0.0,0.0,436.0,436.0,438.0,2.0,0.0,0.0,10.0,10.0,0.0,0.0
9,1,73,14,443.0,443.0,444.0,1.0,6.0,0.0,0.0,453.0,453.0,454.0,1.0,0.0,0.0,10.0,10.0,0.0,0.0
9,1,52,15,450.0,450.0,452.0,2.0,10.0,0.0,0.0,460.0,460.0,462.0,2.0,0.0,0.0,10.0,10.0,0.0,0.0
9,1,51,16,462.0,462.0,464.0,2.0,16.0,0.0,0.0,472.0,474.0,476.0,2.0,0.0,2.0,12.0,12.0,0.0,2.0
9,1,76,17,480.0,480.0,482.0,2.0,18.0,0.0,0.0,492.0,492.0,494.0,2.0,0.0,0.0,12.0,12.0,0.0,0.0
9,1,36,18,500.0,500.0,502.0,2.0,17.0,0.0,0.0,512.0,512.0,514.0,2.0,0.0,0.0,12.0,12.0,0.0,0.0
9,1,15,19,519.0,521.0,523.0,2.0,33.0,0.0,2.0,531.0,531.0,533.0,2.0,0.0,0.0,10.0,10.0,0.0,-2.0
9,2,4,0,554.0,554.0,571.0,17.0,31.0,0.0,0.0,554.0,554.0,571.0,17.0,0.0,0.0,0.0,0.0,0.0,0.0
9,2,15,1,602.0,602.0,605.0,3.0,17.0,0.0,0.0,602.0,602.0,605.0,3.0,0.0,0.0,0.0,0.0,0.0,0.0
9,2,36,2,622.0,622.0,624.0,2.0,18.0,0.0,0.0,622.0,622.0,624.0,2.0,0.0,0.0,0.0,0.0,0.0,0.0
9,2,76,3,642.0,642.0,643.0,1.0,15.0,0.0,0.0,642.0,642.0,643.0,1.0,0.0,0.0,0.0,0.0,0.0,0.0
9,2,51,4,658.0,658.0,661.0,3.0,11.0,0.0,0.0,658.0,658.0,661.0,3.0,0.0,0.0,0.0,0.0,0.0,0.0
9,2,52,5,672.0,672.0,674.0,2.0,7.0,0.0,0.0,672.0,672.0,674.0,2.0,0.0,0.0,0.0,0.0,0.0,0.0
9,2,73,6,681.0,681.0,682.0,1.0,15.0,0.0,0.0,681.0,681.0,682.0,1.0,0.0,0.0,0.0,0.0,0.0,0.0
9,2,38,7,697.0,697.0,700.0,3.0,14.0,0.0,0.0,697.0,697.0,700.0,3.0,0.0,0.0,0.0,0.0,0.0,0.0
9,2,41,8,714.0,714.0,716.0,2.0,10.0,0.0,0.0,714.0,714.0,716.0,2.0,0.0,0.0,0.0,0.0,0.0,0.0
9,2,42,9,726.0,726.0,728.0,2.0,20.0,0.0,0.0,726.0,726.0,728.0,2.0,0.0,0.0,0.0,0.0,0.0,0.0
9,2,40,10,748.0,748.0,752.0,4.0,24.0,0.0,0.0,748.0,748.0,752.0,4.0,0.0,0.0,0.0,0.0,0.0,0.0
9,2,42,11,776.0,776.0,778.0,2.0,10.0,0.0,0.0,776.0,776.0,778.0,2.0,0.0,0.0,0.0,0.0,0.0,0.0
9,2,41,12,788.0,788.0,790.0,2.0,15.0,0.0,0.0,788.0,788.0,790.0,2.0,0.0,0.0,0.0,0.0,0.0,0.0
9,2,38,13,805.0,805.0,807.0,2.0,16.0,0.0,0.0,805.0,805.0,807.0,2.0,0.0,0.0,0.0,0.0,0.0,0.0
9,2,73,14,823.0,823.0,824.0,1.0,7.0,0.0,0.0,823.0,823.0,824.0,1.0,0.0,0.0,0.0,0.0,0.0,0.0
9,2,52,15,831.0,831.0,833.0,2.0,10.0,0.0,0.0,831.0,831.0,833.0,2.0,0.0,0.0,0.0,0.0,0.0,0.0
9,2,51,16,843.0,880.0,882.0,2.0,16.0,0.0,37.0,843.0,843.0,845.0,2.0,0.0,0.0,-37.0,-37.0,0.0,-37.0
9,2,76,17,898.0,898.0,900.0,2.0,18.0,0.0,0.0,861.0,861.0,863.0,2.0,0.0,0.0,-37.0,-37.0,0.0,0.0
9,2,36,18,918.0,918.0,920.0,2.0,17.0,0.0,0.0,881.0,881.0,883.0,2.0,0.0,0.0,-37.0,-37.0,0.0,0.0
9,2,15,19,937.0,937.0,939.0,2.0,32.0,0.0,0.0,900.0,900.0,902.0,2.0,0.0,0.0,-37.0,-37.0,0.0,0.0
9,3,4,0,934.0,934.0,955.0,21.0,31.0,0.0,0.0,934.0,934.0,955.0,21.0,0.0,0.0,0.0,0.0,0.0,0.0
9,3,15,1,986.0,986.0,989.0,3.0,17.0,0.0,0.0,986.0,986.0,989.0,3.0,0.0,0.0,0.0,0.0,0.0,0.0
9,3,36,2,1006.0,1006.0,1008.0,2.0,18.0,0.0,0.0,1006.0,1006.0,1008.0,2.0,0.0,0.0,0.0,0.0,0.0,0.0
9,3,76,3,1026.0,1026.0,1027.0,1.0,15.0,0.0,0.0,1026.0,1026.0,1027.0,1.0,0.0,0.0,0.0,0.0,0.0,0.0
9,3,51,4,1042.0,1042.0,1045.0,3.0,11.0,0.0,0.0,1042.0,1042.0,1045.0,3.0,0.0,0.0,0.0,0.0,0.0,0.0
9,3,52,5,1056.0,1056.0,1058.0,2.0,7.0,0.0,0.0,1056.0,1056.0,1058.0,2.0,0.0,0.0,0.0,0.0,0.0,0.0
9,3,73,6,1065.0,1065.0,1066.0,1.0,15.0,0.0,0.0,1065.0,1065.0,1066.0,1.0,0.0,0.0,0.0,0.0,0.0,0.0
9,3,38,7,1081.0,1081.0,1084.0,3.0,14.0,0.0,0.0,1081.0,1081.0,1084.0,3.0,0.0,0.0,0.0,0.0,0.0,0.0
9,3,41,8,1098.0,1098.0,1100.0,2.0,10.0,0.0,0.0,1098.0,1098.0,1100.0,2.0,0.0,0.0,0.0,0.0,0.0,0.0
9,3,42,9,1110.0,1110.0,1112.0,2.0,20.0,0.0,0.0,1110.0,1110.0,1112.0,2.0,0.0,0.0,0.0,0.0,0.0,0.0
9,3,40,10,1132.0,1132.0,1136.0,4.0,24.0,0.0,0.0,1132.0,1132.0,1136.0,4.0,0.0,0.0,0.0,0.0,0.0,0.0
9,3,42,11,1160.0,1160.0,1162.0,2.0,10.0,0.0,0.0,1160.0,1160.0,1162.0,2.0,0.0,0.0,0.0,0.0,0.0,0.0
9,3,41,12,1172.0,1172.0,1174.0,2.0,15.0,0.0,0.0,1172.0,1172.0,1174.0,2.0,0.0,0.0,0.0,0.0,0.0,0.0
9,3,38,13,1189.0,1189.0,1191.0,2.0,16.0,0.0,0.0,1189.0,1189.0,1191.0,2.0,0.0,0.0,0.0,0.0,0.0,0.0
9,3,73,14,1207.0,1207.0,1208.0,1.0,7.0,0.0,0.0,1207.0,1207.0,1208.0,1.0,0.0,0.0,0.0,0.0,0.0,0.0
9,3,52,15,1215.0,1215.0,1217.0,2.0,10.0,0.0,0.0,1215.0,1215.0,1217.0,2.0,0.0,0.0,0.0,0.0,0.0,0.0
9,3,51,16,1227.0,1227.0,1229.0,2.0,16.0,0.0,0.0,1227.0,1227.0,1229.0,2.0,0.0,0.0,0.0,0.0,0.0,0.0
9,3,76,17,1245.0,1245.0,1247.0,2.0,18.0,0.0,0.0,1245.0,1245.0,1247.0,2.0,0.0,0.0,0.0,0.0,0.0,0.0
9,3,36,18,1265.0,1265.0,1267.0,2.0,17.0,0.0,0.0,1265.0,1265.0,1267.0,2.0,0.0,0.0,0.0,0.0,0.0,0.0
9,3,15,19,1284.0,1284.0,1286.0,2.0,32.0,0.0,0.0,1284.0,1289.0,1291.0,2.0,0.0,5.0,5.0,5.0,0.0,5.0
9,4,4,0,1318.0,1318.0,1334.0,16.0,29.0,0.0,0.0,1318.0,1318.0,1334.0,16.0,0.0,0.0,0.0,0.0,0.0,0.0
9,4,15,1,1363.0,1363.0,1366.0,3.0,15.0,0.0,0.0,1363.0,1363.0,1366.0,3.0,0.0,0.0,0.0,0.0,0.0,0.0
9,4,36,2,1381.0,1381.0,1383.0,2.0,16.0,0.0,0.0,1381.0,1381.0,1383.0,2.0,0.0,0.0,0.0,0.0,0.0,0.0
9,4,76,3,1399.0,1399.0,1400.0,1.0,14.0,0.0,0.0,1399.0,1399.0,1400.0,1.0,0.0,0.0,0.0,0.0,0.0,0.0
9,4,51,4,1414.0,1414.0,1417.0,3.0,9.0,0.0,0.0,1414.0,1414.0,1417.0,3.0,0.0,0.0,0.0,0.0,0.0,0.0
9,4,52,5,1426.0,1426.0,1428.0,2.0,6.0,0.0,0.0,1426.0,1426.0,1428.0,2.0,0.0,0.0,0.0,0.0,0.0,0.0
9,4,73,6,1434.0,1434.0,1435.0,1.0,16.0,0.0,0.0,1434.0,1434.0,1435.0,1.0,0.0,0.0,0.0,0.0,0.0,0.0
9,4,38,7,1451.0,1451.0,1454.0,3.0,14.0,0.0,0.0,1451.0,1451.0,1454.0,3.0,0.0,0.0,0.0,0.0,0.0,0.0
9,4,41,8,1468.0,1468.0,1470.0,2.0,9.0,0.0,0.0,1468.0,1468.0,1470.0,2.0,0.0,0.0,0.0,0.0,0.0,0.0
9,4,42,9,1479.0,1479.0,1481.0,2.0,21.0,0.0,0.0,1479.0,1479.0,1481.0,2.0,0.0,0.0,0.0,0.0,0.0,0.0
9,4,40,10,1502.0,1502.0,1508.0,6.0,21.0,0.0,0.0,1502.0,1502.0,1508.0,6.0,0.0,0.0,0.0,0.0,0.0,0.0
9,4,42,11,1529.0,1529.0,1531.0,2.0,9.0,0.0,0.0,1529.0,1529.0,1531.0,2.0,0.0,0.0,0.0,0.0,0.0,0.0
9,4,41,12,1540.0,1540.0,1542.0,2.0,14.0,0.0,0.0,1540.0,1540.0,1542.0,2.0,0.0,0.0,0.0,0.0,0.0,0.0
9,4,38,13,1556.0,1556.0,1558.0,2.0,15.0,0.0,0.0,1556.0,1556.0,1558.0,2.0,0.0,0.0,0.0,0.0,0.0,0.0
9,4,73,14,1573.0,1573.0,1574.0,1.0,6.0,0.0,0.0,1573.0,1573.0,1574.0,1.0,0.0,0.0,0.0,0.0,0.0,0.0
9,4,52,15,1580.0,1580.0,1582.0,2.0,9.0,0.0,0.0,1580.0,1580.0,1582.0,2.0,0.0,0.0,0.0,0.0,0.0,0.0
9,4,51,16,1591.0,1591.0,1593.0,2.0,16.0,0.0,0.0,1591.0,1591.0,1593.0,2.0,0.0,0.0,0.0,0.0,0.0,0.0
9,4,76,17,1609.0,1609.0,1611.0,2.0,17.0,0.0,0.0,1609.0,1609.0,1611.0,2.0,0.0,0.0,0.0,0.0,0.0,0.0
9,4,36,18,1628.0,1629.0,1631.0,2.0,16.0,0.0,1.0,1628.0,1629.0,1631.0,2.0,0.0,1.0,0.0,0.0,0.0,0.0
9,4,15,19,1647.0,1647.0,1649.0,2.0,29.0,0.0,0.0,1647.0,1647.0,1649.0,2.0,0.0,0.0,0.0,0.0,0.0,0.0
9,5,4,0,1677.0,1677.0,1687.0,10.0,29.0,0.0,0.0,1677.0,1677.0,1687.0,10.0,0.0,0.0,0.0,0.0,0.0,0.0
9,5,15,1,1716.0,1716.0,1719.0,3.0,16.0,0.0,0.0,1716.0,1716.0,1719.0,3.0,0.0,0.0,0.0,0.0,0.0,0.0
9,5,36,2,1735.0,1735.0,1738.0,3.0,17.0,0.0,0.0,1735.0,1735.0,1738.0,3.0,0.0,0.0,0.0,0.0,0.0,0.0
9,5,76,3,1755.0,1755.0,1756.0,1.0,16.0,0.0,0.0,1755.0,1755.0,1756.0,1.0,0.0,0.0,0.0,0.0,0.0,0.0
9,5,51,4,1772.0,1791.0,1795.0,4.0,10.0,0.0,19.0,1772.0,1772.0,1776.0,4.0,0.0,0.0,-19.0,-19.0,0.0,-19.0
9,5,52,5,1805.0,1805.0,1808.0,3.0,7.0,0.0,0.0,1786.0,1786.0,1789.0,3.0,0.0,0.0,-19.0,-19.0,0.0,0.0
9,5,73,6,1815.0,1815.0,1816.0,1.0,13.0,0.0,0.0,1796.0,1796.0,1797.0,1.0,0.0,0.0,-19.0,-19.0,0.0,0.0
9,5,37,7,1829.0,1829.0,1833.0,4.0,22.0,0.0,0.0,1810.0,1810.0,1814.0,4.0,0.0,0.0,-19.0,-19.0,0.0,0.0
9,5,38,8,1855.0,1855.0,1858.0,3.0,14.0,0.0,0.0,1836.0,1836.0,1839.0,3.0,0.0,0.0,-19.0,-19.0,0.0,0.0
9,5,41,9,1872.0,1872.0,1874.0,2.0,9.0,0.0,0.0,1853.0,1853.0,1855.0,2.0,0.0,0.0,-19.0,-19.0,0.0,0.0
9,5,42,10,1883.0,1883.0,1885.0,2.0,21.0,0.0,0.0,1864.0,1864.0,1866.0,2.0,0.0,0.0,-19.0,-19.0,0.0,0.0
9,5,40,11,1906.0,1906.0,1911.0,5.0,21.0,0.0,0.0,1887.0,1887.0,1892.0,5.0,0.0,0.0,-19.0,-19.0,0.0,0.0
9,5,42,12,1932.0,1932.0,1934.0,2.0,9.0,0.0,0.0,1913.0,1913.0,1915.0,2.0,0.0,0.0,-19.0,-19.0,0.0,0.0
9,5,41,13,1943.0,1943.0,1945.0,2.0,14.0,0.0,0.0,1924.0,1924.0,1926.0,2.0,0.0,0.0,-19.0,-19.0,0.0,0.0
9,5,38,14,1959.0,1959.0,1962.0,3.0,15.0,0.0,0.0,1940.0,1940.0,1943.0,3.0,0.0,0.0,-19.0,-19.0,0.0,0.0
9,5,73,15,1977.0,1977.0,1978.0,1.0,6.0,0.0,0.0,1958.0,1958.0,1959.0,1.0,0.0,0.0,-19.0,-19.0,0.0,0.0
9,5,52,16,1984.0,1984.0,1986.0,2.0,9.0,0.0,0.0,1965.0,1965.0,1967.0,2.0,0.0,0.0,-19.0,-19.0,0.0,0.0
9,5,51,17,1995.0,1995.0,1999.0,4.0,15.0,0.0,0.0,1976.0,1976.0,1980.0,4.0,0.0,0.0,-19.0,-19.0,0.0,0.0
9,5,76,18,2014.0,2014.0,2016.0,2.0,16.0,0.0,0.0,1995.0,1995.0,1997.0,2.0,0.0,0.0,-19.0,-19.0,0.0,0.0
9,5,36,19,2032.0,2032.0,2034.0,2.0,15.0,0.0,0.0,2013.0,2013.0,2015.0,2.0,0.0,0.0,-19.0,-19.0,0.0,0.0
9,5,15,20,2049.0,2049.0,2052.0,3.0,20.0,0.0,0.0,2030.0,2030.0,2033.0,3.0,0.0,0.0,-19.0,-19.0,0.0,0.0
9,5,31,21,2072.0,2072.0,2075.0,3.0,31.0,0.0,0.0,2053.0,2053.0,2056.0,3.0,0.0,0.0,-19.0,-19.0,0.0,0.0
9,6,4,0,2087.0,2087.0,2101.0,14.0,31.0,0.0,0.0,2087.0,2087.0,2101.0,14.0,0.0,0.0,0.0,0.0,0.0,0.0
10,1,38,0,240.0,240.0,246.0,6.0,34.0,0.0,0.0,240.0,240.0,246.0,6.0,0.0,0.0,0.0,0.0,0.0,0.0
10,1,37,1,280.0,281.0,284.0,3.0,31.0,0.0,1.0,280.0,280.0,283.0,3.0,0.0,0.0,-1.0,-1.0,0.0,-1.0
10,1,1,2,315.0,315.0,317.0,2.0,9.0,0.0,0.0,314.0,314.0,316.0,2.0,0.0,0.0,-1.0,-1.0,0.0,0.0
10,1,36,3,326.0,326.0,329.0,3.0,22.0,0.0,0.0,325.0,325.0,328.0,3.0,0.0,0.0,-1.0,-1.0,0.0,0.0
10,1,34,4,351.0,351.0,353.0,2.0,10.0,0.0,0.0,350.0,350.0,352.0,2.0,0.0,0.0,-1.0,-1.0,0.0,0.0
10,1,35,5,363.0,363.0,365.0,2.0,13.0,0.0,0.0,362.0,362.0,364.0,2.0,0.0,0.0,-1.0,-1.0,0.0,0.0
10,1,11,6,378.0,378.0,384.0,6.0,15.0,0.0,0.0,377.0,377.0,383.0,6.0,0.0,0.0,-1.0,-1.0,0.0,0.0
10,1,12,7,399.0,399.0,401.0,2.0,41.0,0.0,0.0,398.0,398.0,400.0,2.0,0.0,0.0,-1.0,-1.0,0.0,0.0
10,1,68,8,442.0,442.0,444.0,2.0,20.0,0.0,0.0,441.0,441.0,443.0,2.0,0.0,0.0,-1.0,-1.0,0.0,0.0
10,1,48,9,464.0,464.0,469.0,5.0,11.0,0.0,0.0,463.0,463.0,468.0,5.0,0.0,0.0,-1.0,-1.0,0.0,0.0
10,1,47,10,480.0,480.0,482.0,2.0,18.0,0.0,0.0,479.0,479.0,481.0,2.0,0.0,0.0,-1.0,-1.0,0.0,0.0
10,1,69,11,500.0,500.0,502.0,2.0,12.0,0.0,0.0,499.0,499.0,501.0,2.0,0.0,0.0,-1.0,-1.0,0.0,0.0
10,1,70,12,514.0,514.0,516.0,2.0,44.0,0.0,0.0,513.0,513.0,515.0,2.0,0.0,0.0,-1.0,-1.0,0.0,0.0
10,1,71,13,560.0,560.0,582.0,22.0,43.0,0.0,0.0,559.0,559.0,581.0,22.0,0.0,0.0,-1.0,-1.0,0.0,0.0
10,1,70,14,625.0,625.0,628.0,3.0,18.0,0.0,0.0,624.0,624.0,627.0,3.0,0.0,0.0,-1.0,-1.0,0.0,0.0
10,1,69,15,646.0,646.0,648.0,2.0,19.0,0.0,0.0,645.0,645.0,647.0,2.0,0.0,0.0,-1.0,-1.0,0.0,0.0
10,1,47,16,667.0,667.0,669.0,2.0,10.0,0.0,0.0,666.0,666.0,668.0,2.0,0.0,0.0,-1.0,-1.0,0.0,0.0
10,1,48,17,679.0,679.0,684.0,5.0,19.0,0.0,0.0,678.0,678.0,683.0,5.0,0.0,0.0,-1.0,-1.0,0.0,0.0
10,1,68,18,703.0,703.0,705.0,2.0,43.0,0.0,0.0,702.0,702.0,704.0,2.0,0.0,0.0,-1.0,-1.0,0.0,0.0
10,1,12,19,748.0,748.0,750.0,2.0,13.0,0.0,0.0,747.0,747.0,749.0,2.0,0.0,0.0,-1.0,-1.0,0.0,0.0
10,1,11,20,763.0,763.0,772.0,9.0,13.0,0.0,0.0,762.0,762.0,771.0,9.0,0.0,0.0,-1.0,-1.0,0.0,0.0
10,1,35,21,785.0,785.0,787.0,2.0,9.0,0.0,0.0,784.0,784.0,786.0,2.0,0.0,0.0,-1.0,-1.0,0.0,0.0
10,1,34,22,796.0,796.0,798.0,2.0,18.0,0.0,0.0,795.0,795.0,797.0,2.0,0.0,0.0,-1.0,-1.0,0.0,0.0
10,1,36,23,816.0,816.0,818.0,2.0,8.0,0.0,0.0,815.0,815.0,817.0,2.0,0.0,0.0,-1.0,-1.0,0.0,0.0
10,1,1,24,826.0,826.0,828.0,2.0,30.0,0.0,0.0,825.0,825.0,827.0,2.0,0.0,0.0,-1.0,-1.0,0.0,0.0
10,1,37,25,858.0,858.0,861.0,3.0,32.0,0.0,0.0,857.0,857.0,860.0,3.0,0.0,0.0,-1.0,-1.0,0.0,0.0
10,2,38,0,892.0,892.0,896.0,4.0,34.0,0.0,0.0,892.0,892.0,896.0,4.0,0.0,0.0,0.0,0.0,0.0,0.0
10,2,37,1,930.0,930.0,933.0,3.0,32.0,0.0,0.0,930.0,930.0,933.0,3.0,0.0,0.0,0.0,0.0,0.0,0.0
10,2,1,2,965.0,965.0,967.0,2.0,10.0,0.0,0.0,965.0,965.0,967.0,2.0,0.0,0.0,0.0,0.0,0.0,0.0
10,2,36,3,977.0,977.0,981.0,4.0,21.0,0.0,0.0,977.0,977.0,981.0,4.0,0.0,0.0,0.0,0.0,0.0,0.0
10,2,34,4,1002.0,1002.0,1004.0,2.0,10.0,0.0,0.0,1002.0,1002.0,1004.0,2.0,0.0,0.0,0.0,0.0,0.0,0.0
10,2,35,5,1014.0,1014.0,1016.0,2.0,13.0,0.0,0.0,1014.0,1014.0,1016.0,2.0,0.0,0.0,0.0,0.0,0.0,0.0
10,2,11,6,1029.0,1029.0,1035.0,6.0,15.0,0.0,0.0,1029.0,1029.0,1035.0,6.0,0.0,0.0,0.0,0.0,0.0,0.0
10,2,12,7,1050.0,1050.0,1052.0,2.0,43.0,0.0,0.0,1050.0,1050.0,1052.0,2.0,0.0,0.0,0.0,0.0,0.0,0.0
10,2,68,8,1095.0,1095.0,1097.0,2.0,20.0,0.0,0.0,1095.0,1095.0,1097.0,2.0,0.0,0.0,0.0,0.0,0.0,0.0
10,2,48,9,1117.0,1117.0,1123.0,6.0,11.0,0.0,0.0,1117.0,1117.0,1123.0,6.0,0.0,0.0,0.0,0.0,0.0,0.0
10,2,47,10,1134.0,1134.0,1136.0,2.0,19.0,0.0,0.0,1134.0,1134.0,1136.0,2.0,0.0,0.0,0.0,0.0,0.0,0.0
10,2,69,11,1155.0,1155.0,1158.0,3.0,12.0,0.0,0.0,1155.0,1155.0,1158.0,3.0,0.0,0.0,0.0,0.0,0.0,0.0
10,2,70,12,1170.0,1170.0,1172.0,2.0,47.0,0.0,0.0,1170.0,1170.0,1172.0,2.0,0.0,0.0,0.0,0.0,0.0,0.0
10,2,71,13,1219.0,1219.0,1228.0,9.0,47.0,0.0,0.0,1219.0,1219.0,1228.0,9.0,0.0,0.0,0.0,0.0,0.0,0.0
10,2,70,14,1275.0,1275.0,1277.0,2.0,14.0,0.0,0.0,1275.0,1275.0,1277.0,2.0,0.0,0.0,0.0,0.0,0.0,0.0
10,2,69,15,1291.0,1291.0,1293.0,2.0,18.0,0.0,0.0,1291.0,1291.0,1293.0,2.0,0.0,0.0,0.0,0.0,0.0,0.0
10,2,47,16,1311.0,1311.0,1313.0,2.0,12.0,0.0,0.0,1311.0,1311.0,1313.0,2.0,0.0,0.0,0.0,0.0,0.0,0.0
10,2,48,17,1325.0,1325.0,1330.0,5.0,20.0,0.0,0.0,1325.0,1325.0,1330.0,5.0,0.0,0.0,0.0,0.0,0.0,0.0
10,2,68,18,1350.0,1350.0,1352.0,2.0,43.0,0.0,0.0,1350.0,1350.0,1352.0,2.0,0.0,0.0,0.0,0.0,0.0,0.0
10,2,12,19,1395.0,1395.0,1397.0,2.0,13.0,0.0,0.0,1395.0,1395.0,1397.0,2.0,0.0,0.0,0.0,0.0,0.0,0.0
10,2,11,20,1410.0,1410.0,1416.0,6.0,12.0,0.0,0.0,1410.0,1410.0,1416.0,6.0,0.0,0.0,0.0,0.0,0.0,0.0
10,2,35,21,1428.0,1428.0,1430.0,2.0,10.0,0.0,0.0,1428.0,1428.0,1430.0,2.0,0.0,0.0,0.0,0.0,0.0,0.0
10,2,34,22,1440.0,1440.0,1442.0,2.0,20.0,0.0,0.0,1440.0,1440.0,1442.0,2.0,0.0,0.0,0.0,0.0,0.0,0.0
10,2,36,23,1462.0,1462.0,1464.0,2.0,8.0,0.0,0.0,1462.0,1462.0,1464.0,2.0,0.0,0.0,0.0,0.0,0.0,0.0
10,2,1,24,1472.0,1472.0,1474.0,2.0,30.0,0.0,0.0,1472.0,1472.0,1474.0,2.0,0.0,0.0,0.0,0.0,0.0,0.0
10,2,37,25,1504.0,1504.0,1507.0,3.0,31.0,0.0,0.0,1504.0,1504.0,1507.0,3.0,0.0,0.0,0.0,0.0,0.0,0.0
10,3,38,0,1538.0,1538.0,1544.0,6.0,34.0,0.0,0.0,1538.0,1538.0,1544.0,6.0,0.0,0.0,0.0,0.0,0.0,0.0
10,3,37,1,1578.0,1578.0,1581.0,3.0,32.0,0.0,0.0,1578.0,1578.0,1581.0,3.0,0.0,0.0,0.0,0.0,0.0,0.0
10,3,1,2,1613.0,1613.0,1615.0,2.0,10.0,0.0,0.0,1613.0,1613.0,1615.0,2.0,0.0,0.0,0.0,0.0,0.0,0.0
10,3,36,3,1625.0,1625.0,1629.0,4.0,21.0,0.0,0.0,1625.0,1625.0,1629.0,4.0,0.0,0.0,0.0,0.0,0.0,0.0
10,3,34,4,1650.0,1650.0,1652.0,2.0,10.0,0.0,0.0,1650.0,1650.0,1652.0,2.0,0.0,0.0,0.0,0.0,0.0,0.0
10,3,35,5,1662.0,1662.0,1664.0,2.0,13.0,0.0,0.0,1662.0,1662.0,1664.0,2.0,0.0,0.0,0.0,0.0,0.0,0.0
10,3,11,6,1677.0,1677.0,1682.0,5.0,15.0,0.0,0.0,1677.0,1677.0,1682.0,5.0,0.0,0.0,0.0,0.0,0.0,0.0
10,3,12,7,1697.0,1697.0,1699.0,2.0,43.0,0.0,0.0,1697.0,1697.0,1699.0,2.0,0.0,0.0,0.0,0.0,0.0,0.0
10,3,68,8,1742.0,1742.0,1744.0,2.0,21.0,0.0,0.0,1742.0,1742.0,1744.0,2.0,0.0,0.0,0.0,0.0,0.0,0.0
10,3,48,9,1765.0,1765.0,1769.0,4.0,13.0,0.0,0.0,1765.0,1765.0,1769.0,4.0,0.0,0.0,0.0,0.0,0.0,0.0
10,3,47,10,1782.0,1782.0,1784.0,2.0,20.0,0.0,0.0,1782.0,1782.0,1784.0,2.0,0.0,0.0,0.0,0.0,0.0,0.0
10,3,69,11,1804.0,1804.0,1806.0,2.0,12.0,0.0,0.0,1804.0,1804.0,1806.0,2.0,0.0,0.0,0.0,0.0,0.0,0.0
10,3,70,12,1818.0,1818.0,1820.0,2.0,45.0,0.0,0.0,1818.0,1818.0,1820.0,2.0,0.0,0.0,0.0,0.0,0.0,0.0
10,3,71,13,1865.0,1865.0,1875.0,10.0,42.0,0.0,0.0,1865.0,1865.0,1875.0,10.0,0.0,0.0,0.0,0.0,0.0,0.0
10,3,70,14,1917.0,1917.0,1919.0,2.0,18.0,0.0,0.0,1917.0,1917.0,1919.0,2.0,0.0,0.0,0.0,0.0,0.0,0.0
10,3,69,15,1937.0,1937.0,1939.0,2.0,20.0,0.0,0.0,1937.0,1937.0,1939.0,2.0,0.0,0.0,0.0,0.0,0.0,0.0
10,3,47,16,1959.0,1959.0,1961.0,2.0,12.0,0.0,0.0,1959.0,1959.0,1961.0,2.0,0.0,0.0,0.0,0.0,0.0,0.0
10,3,48,17,1973.0,1973.0,1978.0,5.0,21.0,0.0,0.0,1973.0,1973.0,1978.0,5.0,0.0,0.0,0.0,0.0,0.0,0.0
10,3,68,18,1999.0,1999.0,2001.0,2.0,47.0,0.0,0.0,1999.0,1999.0,2001.0,2.0,0.0,0.0,0.0,0.0,0.0,0.0
10,3,12,19,2048.0,2048.0,2050.0,2.0,15.0,0.0,0.0,2048.0,2048.0,2050.0,2.0,0.0,0.0,0.0,0.0,0.0,0.0
10,3,11,20,2065.0,2065.0,2072.0,7.0,13.0,0.0,0.0,2065.0,2065.0,2072.0,7.0,0.0,0.0,0.0,0.0,0.0,0.0
10,3,35,21,2085.0,2085.0,2087.0,2.0,13.0,0.0,0.0,2085.0,2085.0,2087.0,2.0,0.0,0.0,0.0,0.0,0.0,0.0
10,3,34,22,2100.0,2100.0,2102.0,2.0,20.0,0.0,0.0,2100.0,2100.0,2102.0,2.0,0.0,0.0,0.0,0.0,0.0,0.0
10,3,36,23,2122.0,2122.0,2125.0,3.0,9.0,0.0,0.0,2122.0,2122.0,2125.0,3.0,0.0,0.0,0.0,0.0,0.0,0.0
10,3,1,24,2134.0,2134.0,2136.0,2.0,30.0,0.0,0.0,2134.0,2134.0,2136.0,2.0,0.0,0.0,0.0,0.0,0.0,0.0
10,3,37,25,2166.0,2166.0,2169.0,3.0,33.0,0.0,0.0,2166.0,2166.0,2169.0,3.0,0.0,0.0,0.0,0.0,0.0,0.0
10,4,38,0,2202.0,2202.0,2211.0,9.0,34.0,0.0,0.0,2202.0,2202.0,2211.0,9.0,0.0,0.0,0.0,0.0,0.0,0.0
10,4,37,1,2245.0,2245.0,2249.0,4.0,32.0,0.0,0.0,2245.0,2245.0,2249.0,4.0,0.0,0.0,0.0,0.0,0.0,0.0
10,4,1,2,2281.0,2281.0,2283.0,2.0,10.0,0.0,0.0,2281.0,2281.0,2283.0,2.0,0.0,0.0,0.0,0.0,0.0,0.0
10,4,36,3,2293.0,2293.0,2297.0,4.0,21.0,0.0,0.0,2293.0,2293.0,2297.0,4.0,0.0,0.0,0.0,0.0,0.0,0.0
10,4,34,4,2318.0,2318.0,2320.0,2.0,10.0,0.0,0.0,2318.0,2318.0,2320.0,2.0,0.0,0.0,0.0,0.0,0.0,0.0
10,4,35,5,2330.0,2330.0,2332.0,2.0,13.0,0.0,0.0,2330.0,2330.0,2332.0,2.0,0.0,0.0,0.0,0.0,0.0,0.0
10,4,11,6,2345.0,2345.0,2352.0,7.0,15.0,0.0,0.0,2345.0,2345.0,2352.0,7.0,0.0,0.0,0.0,0.0,0.0,0.0
10,4,12,7,2367.0,2367.0,2369.0,2.0,43.0,0.0,0.0,2367.0,2367.0,2369.0,2.0,0.0,0.0,0.0,0.0,0.0,0.0
10,4,68,8,2412.0,2412.0,2414.0,2.0,21.0,0.0,0.0,2412.0,2412.0,2414.0,2.0,0.0,0.0,0.0,0.0,0.0,0.0
10,4,48,9,2435.0,2435.0,2439.0,4.0,13.0,0.0,0.0,2435.0,2435.0,2439.0,4.0,0.0,0.0,0.0,0.0,0.0,0.0
10,4,47,10,2452.0,2452.0,2454.0,2.0,21.0,0.0,0.0,2452.0,2452.0,2454.0,2.0,0.0,0.0,0.0,0.0,0.0,0.0
10,4,69,11,2475.0,2475.0,2477.0,2.0,12.0,0.0,0.0,2475.0,2475.0,2477.0,2.0,0.0,0.0,0.0,0.0,0.0,0.0
10,4,70,12,2489.0,2489.0,2491.0,2.0,45.0,0.0,0.0,2489.0,2489.0,2491.0,2.0,0.0,0.0,0.0,0.0,0.0,0.0
10,4,71,13,2536.0,2536.0,2545.0,9.0,42.0,0.0,0.0,2536.0,2536.0,2545.0,9.0,0.0,0.0,0.0,0.0,0.0,0.0
10,4,70,14,2587.0,2587.0,2589.0,2.0,18.0,0.0,0.0,2587.0,2587.0,2589.0,2.0,0.0,0.0,0.0,0.0,0.0,0.0
10,4,69,15,2607.0,2607.0,2609.0,2.0,20.0,0.0,0.0,2607.0,2607.0,2609.0,2.0,0.0,0.0,0.0,0.0,0.0,0.0
10,4,47,16,2629.0,2629.0,2631.0,2.0,12.0,0.0,0.0,2629.0,2629.0,2631.0,2.0,0.0,0.0,0.0,0.0,0.0,0.0
10,4,48,17,2643.0,2643.0,2648.0,5.0,21.0,0.0,0.0,2643.0,2643.0,2648.0,5.0,0.0,0.0,0.0,0.0,0.0,0.0
10,4,68,18,2669.0,2669.0,2671.0,2.0,47.0,0.0,0.0,2669.0,2669.0,2671.0,2.0,0.0,0.0,0.0,0.0,0.0,0.0
10,4,12,19,2718.0,2718.0,2720.0,2.0,15.0,0.0,0.0,2718.0,2718.0,2720.0,2.0,0.0,0.0,0.0,0.0,0.0,0.0
10,4,11,20,2735.0,2735.0,2742.0,7.0,13.0,0.0,0.0,2735.0,2735.0,2742.0,7.0,0.0,0.0,0.0,0.0,0.0,0.0
10,4,35,21,2755.0,2755.0,2757.0,2.0,13.0,0.0,0.0,2755.0,2755.0,2757.0,2.0,0.0,0.0,0.0,0.0,0.0,0.0
10,4,34,22,2770.0,2770.0,2772.0,2.0,20.0,0.0,0.0,2770.0,2770.0,2772.0,2.0,0.0,0.0,0.0,0.0,0.0,0.0
10,4,36,23,2792.0,2792.0,2795.0,3.0,9.0,0.0,0.0,2792.0,2792.0,2795.0,3.0,0.0,0.0,0.0,0.0,0.0,0.0
10,4,1,24,2804.0,2804.0,2806.0,2.0,30.0,0.0,0.0,2804.0,2804.0,2806.0,2.0,0.0,0.0,0.0,0.0,0.0,0.0
10,4,37,25,2836.0,2836.0,2839.0,3.0,33.0,0.0,0.0,2836.0,2836.0,2839.0,3.0,0.0,0.0,0.0,0.0,0.0,0.0
10,5,38,0,2872.0,2872.0,2884.0,12.0,35.0,0.0,0.0,2872.0,2880.0,2892.0,12.0,0.0,8.0,8.0,8.0,0.0,8.0
10,5,37,1,2919.0,2919.0,2922.0,3.0,33.0,0.0,0.0,2927.0,2927.0,2930.0,3.0,0.0,0.0,8.0,8.0,0.0,0.0
10,5,1,2,2955.0,2955.0,2957.0,2.0,9.0,0.0,0.0,2963.0,2963.0,2965.0,2.0,0.0,0.0,8.0,8.0,0.0,0.0
10,5,36,3,2966.0,2966.0,2968.0,2.0,20.0,0.0,0.0,2974.0,2974.0,2976.0,2.0,0.0,0.0,8.0,8.0,0.0,0.0
10,5,34,4,2988.0,2988.0,2991.0,3.0,10.0,0.0,0.0,2996.0,2996.0,2999.0,3.0,0.0,0.0,8.0,8.0,0.0,0.0
10,5,35,5,3001.0,3001.0,3003.0,2.0,12.0,0.0,0.0,3009.0,3009.0,3011.0,2.0,0.0,0.0,8.0,8.0,0.0,0.0
10,5,11,6,3015.0,3015.0,3021.0,6.0,14.0,0.0,0.0,3023.0,3023.0,3029.0,6.0,0.0,0.0,8.0,8.0,0.0,0.0
10,5,12,7,3035.0,3035.0,3045.0,10.0,14.0,0.0,0.0,3043.0,3043.0,3053.0,10.0,0.0,0.0,8.0,8.0,0.0,0.0
10,5,11,8,3059.0,3059.0,3065.0,6.0,13.0,0.0,0.0,3067.0,3067.0,3073.0,6.0,0.0,0.0,8.0,8.0,0.0,0.0
10,5,35,9,3078.0,3078.0,3080.0,2.0,15.0,0.0,0.0,3086.0,3086.0,3088.0,2.0,0.0,0.0,8.0,8.0,0.0,0.0
10,5,34,10,3095.0,3095.0,3098.0,3.0,20.0,0.0,0.0,3103.0,3103.0,3106.0,3.0,0.0,0.0,8.0,8.0,0.0,0.0
10,5,36,11,3118.0,3118.0,3122.0,4.0,23.0,0.0,0.0,3126.0,3126.0,3130.0,4.0,0.0,0.0,8.0,8.0,0.0,0.0
10,5,15,12,3145.0,3145.0,3148.0,3.0,46.0,0.0,0.0,3153.0,3153.0,3156.0,3.0,0.0,0.0,8.0,8.0,0.0,0.0
10,5,4,13,3194.0,3194.0,3196.0,2.0,56.0,0.0,0.0,3202.0,3202.0,3204.0,2.0,0.0,0.0,8.0,8.0,0.0,0.0
10,6,21,0,3252.0,3252.0,3925.0,673.0,82.0,0.0,0.0,3252.0,3252.0,3925.0,673.0,0.0,0.0,0.0,0.0,0.0,0.0
11,1,51,0,101.0,101.0,113.0,12.0,14.0,0.0,0.0,101.0,101.0,113.0,12.0,0.0,0.0,0.0,0.0,0.0,0.0
11,1,52,1,127.0,127.0,129.0,2.0,28.0,0.0,0.0,127.0,127.0,129.0,2.0,0.0,0.0,0.0,0.0,0.0,0.0
11,1,37,2,157.0,168.0,171.0,3.0,28.0,0.0,11.0,157.0,157.0,160.0,3.0,0.0,0.0,-11.0,-11.0,0.0,-11.0
11,1,48,3,199.0,199.0,202.0,3.0,10.0,0.0,0.0,188.0,188.0,191.0,3.0,0.0,0.0,-11.0,-11.0,0.0,0.0
11,1,47,4,212.0,212.0,214.0,2.0,17.0,0.0,0.0,201.0,201.0,203.0,2.0,0.0,0.0,-11.0,-11.0,0.0,0.0
11,1,69,5,231.0,235.0,237.0,2.0,12.0,4.0,0.0,220.0,220.0,222.0,2.0,0.0,0.0,-15.0,-15.0,-4.0,0.0
11,1,70,6,249.0,260.0,262.0,2.0,39.0,11.0,0.0,234.0,235.0,237.0,2.0,1.0,0.0,-25.0,-25.0,-10.0,0.0
11,1,71,7,301.0,301.0,315.0,14.0,45.0,0.0,0.0,276.0,276.0,290.0,14.0,0.0,0.0,-25.0,-25.0,0.0,0.0
11,1,70,8,360.0,360.0,362.0,2.0,22.0,0.0,0.0,335.0,335.0,337.0,2.0,0.0,0.0,-25.0,-25.0,0.0,0.0
11,1,69,9,384.0,384.0,386.0,2.0,17.0,0.0,0.0,359.0,359.0,361.0,2.0,0.0,0.0,-25.0,-25.0,0.0,0.0
11,1,47,10,403.0,403.0,405.0,2.0,10.0,0.0,0.0,378.0,378.0,380.0,2.0,0.0,0.0,-25.0,-25.0,0.0,0.0
11,1,48,11,415.0,415.0,418.0,3.0,29.0,0.0,0.0,390.0,390.0,393.0,3.0,0.0,0.0,-25.0,-25.0,0.0,0.0
11,1,37,12,447.0,447.0,450.0,3.0,28.0,0.0,0.0,422.0,422.0,425.0,3.0,0.0,0.0,-25.0,-25.0,0.0,0.0
11,1,52,13,478.0,478.0,480.0,2.0,12.0,0.0,0.0,453.0,453.0,455.0,2.0,0.0,0.0,-25.0,-25.0,0.0,0.0
11,1,51,14,492.0,492.0,499.0,7.0,122.0,0.0,0.0,467.0,467.0,474.0,7.0,0.0,0.0,-25.0,-25.0,0.0,0.0
11,2,57,0,595.0,595.0,1673.0,1078.0,40.0,0.0,0.0,595.0,595.0,1673.0,1078.0,0.0,0.0,0.0,0.0,0.0,0.0
11,2,31,1,1713.0,1713.0,1716.0,3.0,17.0,0.0,0.0,1713.0,1713.0,1716.0,3.0,0.0,0.0,0.0,0.0,0.0,0.0
11,2,50,2,1733.0,1733.0,1735.0,2.0,42.0,0.0,0.0,1733.0,1733.0,1735.0,2.0,0.0,0.0,0.0,0.0,0.0,0.0
11,2,51,3,1777.0,1795.0,1802.0,7.0,13.0,0.0,18.0,1777.0,1777.0,1784.0,7.0,0.0,0.0,-18.0,-18.0,0.0,-18.0
11,2,77,4,1815.0,1815.0,1816.0,1.0,26.0,0.0,0.0,1797.0,1797.0,1798.0,1.0,0.0,0.0,-18.0,-18.0,0.0,0.0
11,2,38,5,1842.0,1842.0,1844.0,2.0,16.0,0.0,0.0,1824.0,1824.0,1826.0,2.0,0.0,0.0,-18.0,-18.0,0.0,0.0
11,2,46,6,1860.0,1860.0,1861.0,1.0,13.0,0.0,0.0,1842.0,1842.0,1843.0,1.0,0.0,0.0,-18.0,-18.0,0.0,0.0
11,2,45,7,1874.0,1874.0,1875.0,1.0,12.0,0.0,0.0,1856.0,1856.0,1857.0,1.0,0.0,0.0,-18.0,-18.0,0.0,0.0
11,2,48,8,1887.0,1887.0,1889.0,2.0,22.0,0.0,0.0,1869.0,1869.0,1871.0,2.0,0.0,0.0,-18.0,-18.0,0.0,0.0
11,2,69,9,1911.0,1911.0,1913.0,2.0,14.0,0.0,0.0,1893.0,1893.0,1895.0,2.0,0.0,0.0,-18.0,-18.0,0.0,0.0
11,2,70,10,1927.0,1935.0,1937.0,2.0,39.0,8.0,0.0,1909.0,1909.0,1911.0,2.0,0.0,0.0,-26.0,-26.0,-8.0,0.0
11,2,71,11,1976.0,1976.0,1997.0,21.0,38.0,0.0,0.0,1950.0,1950.0,1971.0,21.0,0.0,0.0,-26.0,-26.0,0.0,0.0
11,2,70,12,2035.0,2035.0,2037.0,2.0,12.0,0.0,0.0,2009.0,2009.0,2011.0,2.0,0.0,0.0,-26.0,-26.0,0.0,0.0
11,2,69,13,2049.0,2049.0,2057.0,8.0,21.0,0.0,0.0,2023.0,2024.0,2032.0,8.0,1.0,0.0,-25.0,-25.0,1.0,0.0
11,2,48,14,2078.0,2078.0,2080.0,2.0,12.0,0.0,0.0,2053.0,2053.0,2055.0,2.0,0.0,0.0,-25.0,-25.0,0.0,0.0
11,2,45,15,2092.0,2092.0,2093.0,1.0,13.0,0.0,0.0,2067.0,2067.0,2068.0,1.0,0.0,0.0,-25.0,-25.0,0.0,0.0
11,2,46,16,2106.0,2106.0,2107.0,1.0,16.0,0.0,0.0,2081.0,2081.0,2082.0,1.0,0.0,0.0,-25.0,-25.0,0.0,0.0
11,2,38,17,2123.0,2123.0,2125.0,2.0,28.0,0.0,0.0,2098.0,2098.0,2100.0,2.0,0.0,0.0,-25.0,-25.0,0.0,0.0
11,2,37,18,2153.0,2153.0,2156.0,3.0,28.0,0.0,0.0,2128.0,2128.0,2131.0,3.0,0.0,0.0,-25.0,-25.0,0.0,0.0
11,2,77,19,2184.0,2184.0,2185.0,1.0,12.0,0.0,0.0,2159.0,2159.0,2160.0,1.0,0.0,0.0,-25.0,-25.0,0.0,0.0
11,3,51,0,2171.0,2171.0,2186.0,15.0,14.0,0.0,0.0,2171.0,2171.0,2186.0,15.0,0.0,0.0,0.0,0.0,0.0,0.0
11,3,52,1,2200.0,2200.0,2201.0,1.0,28.0,0.0,0.0,2200.0,2200.0,2201.0,1.0,0.0,0.0,0.0,0.0,0.0,0.0
11,3,37,2,2229.0,2229.0,2231.0,2.0,29.0,0.0,0.0,2229.0,2229.0,2231.0,2.0,0.0,0.0,0.0,0.0,0.0,0.0
11,3,48,3,2260.0,2260.0,2263.0,3.0,11.0,0.0,0.0,2260.0,2260.0,2263.0,3.0,0.0,0.0,0.0,0.0,0.0,0.0
11,3,47,4,2274.0,2274.0,2276.0,2.0,20.0,0.0,0.0,2274.0,2274.0,2276.0,2.0,0.0,0.0,0.0,0.0,0.0,0.0
11,3,69,5,2296.0,2296.0,2298.0,2.0,11.0,0.0,0.0,2296.0,2296.0,2298.0,2.0,0.0,0.0,0.0,0.0,0.0,0.0
11,3,70,6,2309.0,2309.0,2311.0,2.0,43.0,0.0,0.0,2309.0,2309.0,2311.0,2.0,0.0,0.0,0.0,0.0,0.0,0.0
11,3,71,7,2354.0,2355.0,2376.0,21.0,36.0,1.0,0.0,2354.0,2355.0,2376.0,21.0,1.0,0.0,0.0,0.0,0.0,0.0
11,3,70,8,2412.0,2412.0,2414.0,2.0,11.0,0.0,0.0,2412.0,2412.0,2414.0,2.0,0.0,0.0,0.0,0.0,0.0,0.0
11,3,69,9,2425.0,2425.0,2427.0,2.0,17.0,0.0,0.0,2425.0,2425.0,2427.0,2.0,0.0,0.0,0.0,0.0,0.0,0.0
11,3,47,10,2444.0,2444.0,2446.0,2.0,10.0,0.0,0.0,2444.0,2444.0,2446.0,2.0,0.0,0.0,0.0,0.0,0.0,0.0
11,3,48,11,2456.0,2456.0,2459.0,3.0,29.0,0.0,0.0,2456.0,2456.0,2459.0,3.0,0.0,0.0,0.0,0.0,0.0,0.0
11,3,37,12,2488.0,2488.0,2491.0,3.0,28.0,0.0,0.0,2488.0,2488.0,2491.0,3.0,0.0,0.0,0.0,0.0,0.0,0.0
11,3,52,13,2519.0,2519.0,2520.0,1.0,13.0,0.0,0.0,2519.0,2519.0,2520.0,1.0,0.0,0.0,0.0,0.0,0.0,0.0
11,4,51,0,2532.0,2532.0,2546.0,14.0,14.0,0.0,0.0,2532.0,2532.0,2546.0,14.0,0.0,0.0,0.0,0.0,0.0,0.0
11,4,77,1,2560.0,2560.0,2562.0,2.0,27.0,0.0,0.0,2560.0,2560.0,2562.0,2.0,0.0,0.0,0.0,0.0,0.0,0.0
11,4,37,2,2589.0,2589.0,2591.0,2.0,30.0,0.0,0.0,2589.0,2589.0,2591.0,2.0,0.0,0.0,0.0,0.0,0.0,0.0
11,4,38,3,2621.0,2621.0,2623.0,2.0,16.0,0.0,0.0,2621.0,2621.0,2623.0,2.0,0.0,0.0,0.0,0.0,0.0,0.0
11,4,46,4,2639.0,2639.0,2640.0,1.0,13.0,0.0,0.0,2639.0,2639.0,2640.0,1.0,0.0,0.0,0.0,0.0,0.0,0.0
11,4,45,5,2653.0,2653.0,2654.0,1.0,12.0,0.0,0.0,2653.0,2653.0,2654.0,1.0,0.0,0.0,0.0,0.0,0.0,0.0
11,4,48,6,2666.0,2666.0,2669.0,3.0,23.0,0.0,0.0,2666.0,2666.0,2669.0,3.0,0.0,0.0,0.0,0.0,0.0,0.0
11,4,69,7,2692.0,2692.0,2694.0,2.0,12.0,0.0,0.0,2692.0,2692.0,2694.0,2.0,0.0,0.0,0.0,0.0,0.0,0.0
11,4,70,8,2706.0,2706.0,2708.0,2.0,39.0,0.0,0.0,2706.0,2706.0,2708.0,2.0,0.0,0.0,0.0,0.0,0.0,0.0
11,4,71,9,2747.0,2748.0,2759.0,11.0,34.0,1.0,0.0,2747.0,2748.0,2759.0,11.0,1.0,0.0,0.0,0.0,0.0,0.0
11,4,70,10,2793.0,2793.0,2795.0,2.0,10.0,0.0,0.0,2793.0,2793.0,2795.0,2.0,0.0,0.0,0.0,0.0,0.0,0.0
11,4,69,11,2805.0,2805.0,2809.0,4.0,22.0,0.0,0.0,2805.0,2805.0,2809.0,4.0,0.0,0.0,0.0,0.0,0.0,0.0
11,4,48,12,2831.0,2831.0,2833.0,2.0,12.0,0.0,0.0,2831.0,2831.0,2833.0,2.0,0.0,0.0,0.0,0.0,0.0,0.0
11,4,45,13,2845.0,2845.0,2846.0,1.0,13.0,0.0,0.0,2845.0,2845.0,2846.0,1.0,0.0,0.0,0.0,0.0,0.0,0.0
11,4,46,14,2859.0,2859.0,2860.0,1.0,18.0,0.0,0.0,2859.0,2859.0,2860.0,1.0,0.0,0.0,0.0,0.0,0.0,0.0
11,4,38,15,2878.0,2884.0,2886.0,2.0,28.0,0.0,6.0,2878.0,2878.0,2880.0,2.0,0.0,0.0,-6.0,-6.0,0.0,-6.0
11,4,77,16,2914.0,2914.0,2915.0,1.0,12.0,0.0,0.0,2908.0,2908.0,2909.0,1.0,0.0,0.0,-6.0,-6.0,0.0,0.0
11,5,51,0,2920.0,2920.0,2929.0,9.0,13.0,0.0,0.0,2920.0,2920.0,2929.0,9.0,0.0,0.0,0.0,0.0,0.0,0.0
11,5,77,1,2942.0,2942.0,2943.0,1.0,25.0,0.0,0.0,2942.0,2942.0,2943.0,1.0,0.0,0.0,0.0,0.0,0.0,0.0
11,5,38,2,2968.0,2968.0,2970.0,2.0,14.0,0.0,0.0,2968.0,2968.0,2970.0,2.0,0.0,0.0,0.0,0.0,0.0,0.0
11,5,46,3,2984.0,2984.0,2986.0,2.0,26.0,0.0,0.0,2984.0,2984.0,2986.0,2.0,0.0,0.0,0.0,0.0,0.0,0.0
11,5,48,4,3012.0,3012.0,3015.0,3.0,21.0,0.0,0.0,3012.0,3012.0,3015.0,3.0,0.0,0.0,0.0,0.0,0.0,0.0
11,5,69,5,3036.0,3036.0,3038.0,2.0,14.0,0.0,0.0,3036.0,3036.0,3038.0,2.0,0.0,0.0,0.0,0.0,0.0,0.0
11,5,70,6,3052.0,3052.0,3054.0,2.0,43.0,0.0,0.0,3052.0,3052.0,3054.0,2.0,0.0,0.0,0.0,0.0,0.0,0.0
11,5,71,7,3097.0,3098.0,3108.0,10.0,37.0,1.0,0.0,3097.0,3098.0,3108.0,10.0,1.0,0.0,0.0,0.0,0.0,0.0
11,5,70,8,3145.0,3146.0,3150.0,4.0,10.0,1.0,0.0,3145.0,3146.0,3150.0,4.0,1.0,0.0,0.0,0.0,0.0,0.0
11,5,69,9,3160.0,3160.0,3162.0,2.0,22.0,0.0,0.0,3160.0,3160.0,3162.0,2.0,0.0,0.0,0.0,0.0,0.0,0.0
11,5,48,10,3184.0,3184.0,3186.0,2.0,12.0,0.0,0.0,3184.0,3184.0,3186.0,2.0,0.0,0.0,0.0,0.0,0.0,0.0
11,5,45,11,3198.0,3198.0,3199.0,1.0,12.0,0.0,0.0,3198.0,3198.0,3199.0,1.0,0.0,0.0,0.0,0.0,0.0,0.0
11,5,46,12,3211.0,3211.0,3212.0,1.0,14.0,0.0,0.0,3211.0,3211.0,3212.0,1.0,0.0,0.0,0.0,0.0,0.0,0.0
11,5,38,13,3226.0,3226.0,3228.0,2.0,26.0,0.0,0.0,3226.0,3226.0,3228.0,2.0,0.0,0.0,0.0,0.0,0.0,0.0
11,5,77,14,3254.0,3254.0,3255.0,1.0,12.0,0.0,0.0,3254.0,3254.0,3255.0,1.0,0.0,0.0,0.0,0.0,0.0,0.0
11,6,51,0,3265.0,3265.0,3273.0,8.0,40.0,0.0,0.0,3265.0,3265.0,3273.0,8.0,0.0,0.0,0.0,0.0,0.0,0.0
11,6,37,1,3313.0,3313.0,3315.0,2.0,25.0,0.0,0.0,3313.0,3313.0,3315.0,2.0,0.0,0.0,0.0,0.0,0.0,0.0
